3.371036	9.232041	2.3942018	1447394502363
3.371036	8.714894	2.3558946	1447394502364
3.064578	8.714894	2.0111294	1447394502364
2.777274	9.174581	1.6280571	1447394502364
2.7389667	9.787497	2.183512	1447394502388
2.930503	9.174581	2.585738	1447394502420
3.1411927	8.695741	2.5474305	1447394502424
2.9113493	8.714894	2.183512	1447394502443
3.0071173	8.90643	1.9919758	1447394502463
3.1028855	8.868123	2.0685902	1447394502484
3.2561142	8.734048	2.2218192	1447394502503
3.2944214	8.90643	2.1452048	1447394502523
3.1794999	8.963891	2.030283	1447394502545
3.1986535	8.90643	2.030283	1447394502569
3.1986535	8.887277	2.1643584	1447394502586
3.2561142	8.887277	2.2601264	1447394502604
3.2369606	8.7532015	2.3558946	1447394502623
3.1986535	8.465898	2.2409728	1447394502643
3.217807	8.6574335	2.1068976	1447394502663
2.681506	9.346964	1.6663644	1447394502683
2.930503	9.059659	1.8579005	1447394502703
2.96881	8.925584	2.1643584	1447394502723
3.5625722	8.025364	2.528277	1447394502744
2.3750482	9.768343	1.4748282	1447394502764
2.681506	9.308656	1.8195933	1447394502783
2.873042	8.983045	2.0685902	1447394502804
3.1986535	7.833828	1.934515	1447394502824
2.7964275	8.178593	1.7046716	1447394502844
2.3942018	9.078813	1.8387469	1447394502863
1.934515	10.840945	1.3024458	1447394502883
3.1411927	7.086837	2.0111294	1447394502903
3.4476504	4.9224787	2.030283	1447394502923
2.681506	5.3821654	1.9536686	1447394502945
2.9879637	5.3438582	1.2066777	1447394502963
2.6240451	6.244078	2.1643584	1447394502983
1.7429788	7.565677	1.2641385	1447394503003
1.5131354	8.829816	0.34476504	1447394503023
1.8004397	8.619126	0.80445176	1447394503044
2.6431987	16.79772	4.654328	1447394503063
5.5162406	7.776367	6.7229185	1447394503084
1.8962077	11.109096	0.8619126	1447394503104
-0.63206923	10.036493	-2.1643584	1447394503124
-7.52737	8.312668	-2.528277	1447394503144
-4.213795	8.734048	1.8195933	1447394503169
-1.7046716	12.77546	2.5474305	1447394503184
-1.4939818	12.181698	1.436521	1447394503204
-0.19153613	9.921572	0.0	1447394503224
-0.095768064	10.01734	0.8810662	1447394503252
0.076614454	9.691729	2.030283	1447394503265
-0.038307227	9.040505	2.1643584	1447394503283
-1.8004397	7.1634517	-1.1875241	1447394503304
-1.8962077	8.063671	-0.2681506	1447394503323
-0.5554548	12.373235	0.15322891	1447394503344
-0.11492168	12.966996	0.24899697	1447394503364
-1.0342951	11.377247	0.80445176	1447394503384
-0.93852705	10.170568	-0.17238252	1447394503404
-0.78529817	9.959879	-1.4173675	1447394503424
-1.091756	9.040505	-0.51714754	1447394503444
-1.6472107	9.021352	0.17238252	1447394503463
-1.8770541	9.270349	0.5363012	1447394503483
-2.0111294	10.036493	1.5514427	1447394503503
-2.336741	10.323798	2.0685902	1447394503523
-2.2984335	10.43872	1.3215994	1447394503543
-2.336741	10.534488	0.6703765	1447394503563
-2.3558946	10.228029	0.5363012	1447394503583
-2.2601264	10.01734	0.6512229	1447394503603
-2.834735	10.898406	2.1643584	1447394503623
-2.9113493	11.779472	8.963891	1447394503643
1.8579005	7.967903	-0.2681506	1447394503663
-1.283292	9.998186	1.1300632	1447394503683
-1.091756	10.821792	2.681506	1447394503704
-0.9576807	10.247183	2.9496565	1447394503723
-0.61291564	9.959879	3.1028855	1447394503744
-1.1683705	10.323798	1.5897499	1447394503763
-0.842759	9.615114	0.2681506	1447394503783
-1.1492168	9.519346	-0.9959879	1447394503808
-2.585738	9.404425	3.3327289	1447394503824
-1.685518	9.442732	3.4859576	1447394503843
-1.2066777	9.653421	3.0071173	1447394503863
-1.3215994	9.442732	3.217807	1447394503883
-1.7046716	8.293514	2.1068976	1447394503905
-1.8579005	8.025364	2.183512	1447394503923
-1.8579005	7.7572136	2.7389667	1447394503944
-1.934515	7.431602	3.4859576	1447394503965
-1.934515	7.144298	4.060566	1447394503983
-1.6472107	6.933608	4.0414124	1447394504004
-1.5131354	6.742072	3.8881836	1447394504023
-1.7621324	6.83784	4.1180267	1447394504043
-1.4748282	6.6271505	4.175488	1447394504063
-1.283292	6.742072	4.213795	1447394504083
-1.1683705	6.895301	4.003105	1447394504103
-1.1875241	6.83784	3.6008794	1447394504124
-1.091756	7.7189064	4.156334	1447394504144
-1.1683705	8.676587	5.5162406	1447394504163
-0.93852705	9.749189	6.0142345	1447394504183
-0.6703765	10.304645	6.2823853	1447394504203
-0.36391866	9.5385	5.6886234	1447394504224
-0.34476504	8.90643	5.209783	1447394504244
-0.5746084	9.576807	5.133168	1447394504263
-1.1300632	12.660539	5.0757074	1447394504298
-3.4284968	16.816874	3.715801	1447394504305
-5.0374002	9.672575	3.217807	1447394504323
-5.803545	3.5434184	2.3175871	1447394504344
-4.960786	4.309563	0.45968673	1447394504366
-1.9728222	8.389283	1.9919758	1447394504383
1.9153614	11.013328	3.2369606	1447394504403
3.8498764	10.228029	1.6089035	1447394504423
1.6472107	10.400413	-1.4748282	1447394504444
0.22984336	10.036493	0.2681506	1447394504463
-1.0726024	7.929596	1.9153614	1447394504487
-1.8387469	6.4164605	3.371036	1447394504503
-1.4556746	7.9104424	2.3558946	1447394504524
-0.6703765	9.442732	0.19153613	1447394504544
0.21068975	10.323798	-2.3942018	1447394504563
1.091756	10.170568	-4.3861775	1447394504583
0.5746084	8.465898	-0.36391866	1447394504603
-0.30645782	8.101978	2.030283	1447394504624
-0.80445176	8.121132	2.4133554	1447394504644
-0.6512229	8.542512	1.3215994	1447394504664
1.1683705	8.734048	-3.466804	1447394504683
1.3599066	8.580819	-3.5434184	1447394504703
0.45968673	9.059659	-2.6623523	1447394504724
-0.22984336	9.3661175	-0.78529817	1447394504744
-0.78529817	9.730036	2.27928	1447394504767
-0.038307227	9.825804	1.3982137	1447394504783
1.0534488	10.496181	-0.47884035	1447394504803
2.087744	11.070788	-1.685518	1447394504823
2.0685902	10.936713	-0.61291564	1447394504844
1.6089035	10.630256	-0.38307226	1447394504864
0.61291564	10.247183	-0.51714754	1447394504883
1.6663644	11.645397	-1.8195933	1447394504903
3.0262709	16.510414	-3.122039	1447394504923
3.3327289	16.299725	-1.6089035	1447394504944
1.8962077	13.599066	-0.7469909	1447394504970
-0.91937345	9.787497	-2.777274	1447394504984
-1.2449849	9.500193	-2.7006595	1447394505008
-1.5514427	11.147403	-3.4284968	1447394505024
-2.6048915	11.9135475	-2.6240451	1447394505044
-2.930503	13.369223	1.934515	1447394505063
-1.4939818	13.445837	-0.19153613	1447394505083
-0.24899697	12.220005	-2.681506	1447394505103
0.40222588	10.572795	-3.6966474	1447394505123
0.076614454	7.297527	-0.36391866	1447394505144
-0.38307226	6.1100025	-0.095768064	1447394505163
0.19153613	6.205771	-3.064578	1447394505183
0.6512229	5.45878	-1.8962077	1447394505204
-0.8810662	5.267244	1.4748282	1447394505224
-1.9919758	5.4204726	1.8004397	1447394505244
-2.2984335	5.1906295	1.6472107	1447394505263
-1.7238252	5.650316	2.0685902	1447394505283
-1.436521	6.0142345	2.27928	1447394505304
-1.091756	6.435614	2.930503	1447394505323
-0.8810662	6.703765	3.6583402	1447394505343
-1.1875241	7.335834	4.76925	1447394505363
-1.7046716	7.489063	5.305551	1447394505384
-1.6089035	7.8146744	6.244078	1447394505404
-1.0726024	8.504205	7.240066	1447394505424
0.7661445	12.29662	6.5505357	1447394505444
1.0342951	15.112201	5.363012	1447394505463
1.340753	15.456966	5.401319	1447394505485
-0.63206923	11.722012	5.995081	1447394505503
-7.374141	10.266336	3.1411927	1447394505523
-6.9527617	12.066776	2.6623523	1447394505543
-5.803545	11.358093	1.436521	1447394505563
-3.6583402	10.362105	0.34476504	1447394505583
-2.2026656	8.2169	-0.22984336	1447394505603
-0.59376204	7.2209125	1.4939818	1447394505623
0.36391866	6.033388	1.5131354	1447394505643
1.6663644	5.3438582	0.17238252	1447394505663
3.371036	9.902418	-1.1300632	1447394505683
3.1028855	12.966996	-1.3599066	1447394505703
2.2218192	12.717999	-0.7661445	1447394505723
0.34476504	9.193734	1.3215994	1447394505743
-2.336741	5.4204726	-0.51714754	1447394505763
-2.030283	6.742072	-0.019153614	1447394505783
-1.1683705	8.90643	0.82360536	1447394505804
0.9959879	10.036493	0.6895301	1447394505823
1.7238252	8.101978	0.22984336	1447394505843
1.7238252	7.1251445	-0.45968673	1447394505863
1.6663644	7.776367	-1.5897499	1447394505883
0.6703765	8.944737	-2.8538885	1447394505903
-1.0342951	9.136273	0.11492168	1447394505923
-1.2066777	9.32781	2.815581	1447394505943
0.21068975	9.80665	3.8115692	1447394505963
0.9576807	10.764331	-1.8004397	1447394505983
1.0151415	10.994174	-2.1068976	1447394506003
2.2984335	11.204864	-1.3024458	1447394506023
3.3327289	11.415554	-1.3599066	1447394506043
0.7086837	10.457873	-0.34476504	1447394506063
1.9728222	12.200851	-1.8195933	1447394506083
1.9536686	18.119318	-1.8004397	1447394506103
1.9153614	16.22311	-1.532289	1447394506123
0.038307227	10.477027	-2.6431987	1447394506143
-0.63206923	9.059659	-2.3942018	1447394506163
-2.1452048	10.668563	-4.0222588	1447394506183
-3.6008794	11.81778	-2.6240451	1447394506203
-2.0685902	12.411542	0.1340753	1447394506223
-1.0726024	13.656527	-0.2873042	1447394506243
-1.7621324	13.426683	-0.38307226	1447394506263
-1.3982137	8.868123	-0.19153613	1447394506283
-0.49799395	6.742072	0.038307227	1447394506303
-0.6512229	6.3781533	-0.63206923	1447394506323
-0.45968673	6.9719152	-0.842759	1447394506343
0.90021986	4.9416323	1.3024458	1447394506363
0.4213795	4.903325	1.2066777	1447394506383
-0.2681506	4.9799395	1.3024458	1447394506403
-0.6895301	5.056554	1.6663644	1447394506423
-1.2066777	5.133168	2.432509	1447394506443
-1.934515	5.707777	2.681506	1447394506463
-1.934515	5.995081	2.9113493	1447394506483
-1.4173675	6.1866174	3.4476504	1447394506503
-0.11492168	6.6271505	5.305551	1447394506523
-0.5746084	8.63828	7.1059904	1447394506543
-0.842759	10.323798	8.619126	1447394506567
-0.90021986	13.024457	8.810662	1447394506583
-1.9153614	13.005303	5.305551	1447394506604
-2.336741	11.128249	4.213795	1447394506623
-3.2369606	7.9870567	3.0262709	1447394506643
-4.003105	8.714894	3.3518825	1447394506663
-2.2601264	12.028469	3.6008794	1447394506685
-1.436521	12.890382	2.7581203	1447394506703
-2.030283	12.6222315	1.0726024	1447394506724
-1.9536686	10.955867	0.7086837	1447394506744
0.6512229	5.401319	1.3599066	1447394506763
1.9919758	5.0757074	0.7661445	1447394506783
2.930503	7.1251445	0.7086837	1447394506803
4.0797195	12.77546	-0.30645782	1447394506823
3.9073372	10.783484	0.59376204	1447394506843
1.934515	7.5465236	2.087744	1447394506863
0.6895301	5.1906295	1.0151415	1447394506883
-0.019153614	7.2209125	0.38307226	1447394506904
-0.59376204	10.055647	2.6048915	1447394506923
0.63206923	9.136273	1.9536686	1447394506943
1.0342951	7.7189064	0.9959879	1447394506967
2.2409728	6.6654577	0.21068975	1447394506983
2.5474305	7.431602	-0.4405331	1447394507003
1.1492168	10.553641	-1.0342951	1447394507023
1.6663644	9.787497	-3.1603463	1447394507043
2.2026656	8.810662	2.030283	1447394507067
2.4708161	8.63828	1.3215994	1447394507083
1.1683705	9.289502	0.78529817	1447394507103
-0.5363012	11.262324	0.38307226	1447394507123
2.777274	11.18571	-1.3790601	1447394507143
5.171476	10.6877165	-1.5131354	1447394507167
4.865018	10.668563	-1.1492168	1447394507183
3.1794999	10.572795	-0.15322891	1447394507203
3.4859576	11.089942	0.8619126	1447394507223
5.2289367	15.26543	-0.22984336	1447394507252
5.2480903	15.8783455	-0.8619126	1447394507263
3.7732618	12.239159	-0.7469909	1447394507283
1.934515	10.0748005	-1.8770541	1447394507304
0.21068975	9.423578	-3.6774938	1447394507323
-1.4748282	10.170568	-3.2561142	1447394507343
-2.1260512	13.350069	-1.1109096	1447394507367
-0.842759	14.901511	-0.9768343	1447394507383
0.45968673	14.326903	0.0	1447394507403
0.9959879	12.6222315	-0.91937345	1447394507423
-0.17238252	8.714894	-1.7812861	1447394507443
-0.8619126	6.991069	-0.91937345	1447394507467
-0.59376204	6.129156	-1.3215994	1447394507483
0.11492168	5.6120086	-1.1300632	1447394507504
0.63206923	4.3478703	0.8619126	1447394507523
-0.34476504	4.654328	1.0342951	1447394507543
-1.091756	4.865018	1.0342951	1447394507563
-1.091756	4.7309427	1.0726024	1447394507583
-0.4405331	4.673482	1.5131354	1447394507603
-0.36391866	4.6926355	2.5474305	1447394507623
-0.61291564	5.1523223	3.6008794	1447394507643
-0.7278373	5.650316	4.55856	1447394507663
-1.3024458	7.9104424	6.9527617	1447394507683
-1.3024458	10.381259	8.159439	1447394507704
-0.80445176	14.384364	8.293514	1447394507723
0.32561144	16.108189	6.2249246	1447394507743
-0.63206923	11.051635	6.0142345	1447394507763
-1.7046716	7.0485296	5.497087	1447394507783
-3.7349546	8.983045	5.094861	1447394507803
-4.0222588	14.384364	3.466804	1447394507823
-3.2561142	12.909535	-0.7278373	1447394507843
-2.2026656	9.768343	-2.1260512	1447394507863
-2.3942018	6.0525417	-0.93852705	1447394507883
0.91937345	6.493075	2.7006595	1447394507903
2.930503	6.3589997	2.7581203	1447394507924
4.175488	6.9144545	-0.6703765	1447394507943
4.8458643	10.151415	-3.4476504	1447394507963
5.2289367	13.8480625	-2.030283	1447394507983
2.719813	10.132261	2.1643584	1447394508003
0.019153614	6.3206925	3.0071173	1447394508023
-1.6280571	4.673482	1.6663644	1447394508043
-3.0262709	8.0445175	1.3024458	1447394508063
-1.7046716	9.174581	0.842759	1447394508083
0.076614454	8.389283	-0.038307227	1447394508103
1.0151415	6.703765	-1.7046716	1447394508123
1.9153614	7.0485296	-4.7884035	1447394508143
2.6431987	9.672575	-4.7884035	1447394508163
1.0534488	10.70687	0.49799395	1447394508183
-0.24899697	10.342952	3.217807	1447394508203
1.9536686	9.346964	0.8810662	1447394508224
1.0726024	9.5385	-0.91937345	1447394508243
-0.1340753	11.319786	-0.842759	1447394508264
2.0111294	10.994174	-2.087744	1447394508284
3.9456444	10.400413	-1.8387469	1447394508303
4.0222588	10.400413	-1.3024458	1447394508323
2.681506	10.113108	-1.1492168	1447394508343
2.834735	14.499286	-1.3599066	1447394508363
3.3135753	17.142485	-1.934515	1447394508383
3.7732618	15.093047	-2.0685902	1447394508404
2.8538885	13.599066	-1.3599066	1447394508424
-0.45968673	8.944737	-3.0454245	1447394508444
-2.1452048	9.442732	-3.9264908	1447394508463
-3.7541082	10.515334	-2.777274	1447394508483
-3.4093432	11.779472	-0.19153613	1447394508503
-2.6240451	16.567875	0.59376204	1447394508524
-0.51714754	13.522451	-0.7469909	1447394508543
0.6512229	10.879252	-2.432509	1447394508563
0.8619126	8.523358	-2.1452048	1447394508583
0.82360536	6.033388	-1.2258313	1447394508603
1.436521	6.14831	-2.6048915	1447394508623
1.6280571	5.3438582	-1.6280571	1447394508643
0.7278373	4.367024	0.34476504	1447394508663
-1.9728222	4.8458643	0.6895301	1447394508683
-2.1643584	5.1523223	0.82360536	1447394508703
-1.9153614	5.1140146	1.2641385	1447394508723
-1.5131354	5.056554	1.8195933	1447394508743
-1.5705963	5.305551	3.5434184	1447394508768
-1.5514427	5.401319	4.960786	1447394508783
-1.340753	5.5162406	5.439626	1447394508803
-1.5897499	7.642292	7.8529816	1447394508823
-1.3024458	10.936713	8.0445175	1447394508843
-0.59376204	15.725117	6.14831	1447394508863
-0.34476504	18.425776	4.367024	1447394508883
-2.087744	10.668563	6.0525417	1447394508903
-3.4093432	11.319786	5.4779334	1447394508923
-4.1180267	13.292608	5.631162	1447394508943
-4.213795	12.5264635	4.0797195	1447394508964
-1.2641385	8.446744	-1.0151415	1447394508983
-2.3750482	6.6079965	-1.7429788	1447394509003
-2.0494366	5.056554	-0.9959879	1447394509023
0.05746084	5.93762	2.7006595	1447394509043
3.6583402	6.0525417	0.076614454	1447394509063
4.0222588	9.672575	-3.2752678	1447394509083
4.3478703	13.637373	-4.175488	1447394509104
3.9073372	14.595054	-3.0454245	1447394509124
-0.34476504	6.7612257	2.681506	1447394509144
-1.8004397	4.654328	2.0111294	1447394509168
-2.3175871	5.7843914	1.5131354	1447394509183
-0.47884035	9.768343	0.8619126	1447394509203
0.5363012	9.768343	-0.038307227	1447394509223
1.0534488	7.9870567	-0.842759	1447394509243
1.0726024	6.339846	-1.3215994	1447394509263
1.4748282	9.097966	-3.4284968	1447394509283
0.80445176	10.342952	-2.5474305	1447394509304
-0.7086837	10.093954	1.4748282	1447394509323
-0.4213795	9.615114	3.7541082	1447394509343
0.49799395	9.078813	-0.19153613	1447394509363
-0.076614454	9.9790325	-1.7812861	1447394509384
0.5746084	11.683704	-1.3215994	1447394509406
2.719813	11.894394	-1.8004397	1447394509424
2.681506	10.821792	-1.091756	1447394509444
1.1492168	10.036493	-0.6512229	1447394509469
0.7278373	10.093954	-0.34476504	1447394509484
2.1260512	12.852075	-0.842759	1447394509503
2.8921957	15.47612	-0.7278373	1447394509523
2.815581	11.971008	-1.7046716	1447394509544
2.27928	10.745177	-2.3942018	1447394509564
0.93852705	9.308656	-2.873042	1447394509583
-3.0071173	10.97502	-3.7732618	1447394509603
-3.8307228	11.87524	-0.9768343	1447394509625
-3.2752678	13.713987	1.4748282	1447394509644
-2.0685902	14.614207	1.9919758	1447394509663
-0.32561144	12.315774	-2.183512	1447394509686
-0.095768064	10.189722	-2.681506	1447394509703
-0.47884035	8.37013	-1.3024458	1447394509723
0.34476504	6.703765	-2.030283	1447394509743
0.7469909	5.7269306	-1.283292	1447394509763
0.40222588	4.865018	0.019153614	1447394509783
-0.82360536	4.213795	1.2258313	1447394509804
-1.4939818	3.8307228	1.8962077	1447394509824
-1.1492168	3.7732618	1.8195933	1447394509843
-1.2066777	3.8115692	1.7238252	1447394509863
-1.3790601	4.0414124	2.3558946	1447394509883
-1.3599066	4.5777135	4.309563	1447394509903
-1.2449849	4.7884035	5.5162406	1447394509923
-1.532289	6.033388	6.5122285	1447394509943
-1.8770541	8.1402855	7.3166804	1447394509964
-1.685518	16.395493	5.841852	1447394509983
-1.5897499	19.709068	4.596867	1447394510003
-1.4173675	17.06587	5.6886234	1447394510023
-1.9153614	9.9790325	5.3247046	1447394510043
-4.7309427	14.135366	5.746084	1447394510063
-4.405331	13.579912	4.405331	1447394510083
-2.1452048	10.093954	0.36391866	1447394510103
-1.5514427	7.393295	-1.340753	1447394510123
-1.8195933	5.1523223	1.436521	1447394510143
-0.17238252	6.397307	1.3790601	1447394510164
1.3599066	6.0142345	1.3790601	1447394510183
3.2944214	10.821792	-3.3518825	1447394510203
3.8498764	14.480132	-3.7541082	1447394510223
4.175488	14.84405	-2.1643584	1447394510243
1.532289	11.089942	2.2984335	1447394510263
-2.6623523	4.5394063	2.183512	1447394510287
-3.3327289	5.401319	1.7429788	1447394510304
-2.1643584	7.4507556	1.685518	1447394510323
-0.4405331	9.672575	1.340753	1447394510343
2.2026656	8.714894	-0.82360536	1447394510364
2.1452048	6.6271505	-1.3215994	1447394510383
2.0111294	6.0142345	-1.3599066	1447394510403
2.087744	7.489063	-2.3750482	1447394510424
0.5363012	10.036493	-1.2258313	1447394510443
-1.6089035	9.691729	1.7238252	1447394510463
-0.9768343	9.002198	3.620033	1447394510483
0.47884035	9.825804	3.3901896	1447394510504
0.19153613	10.43872	-2.1643584	1447394510524
0.90021986	11.243171	-1.8770541	1447394510544
3.2561142	11.530476	-1.685518	1447394510563
3.5817258	11.9135475	-0.9959879	1447394510584
0.6895301	10.534488	-0.22984336	1447394510603
2.1452048	12.871228	-1.2641385	1447394510623
2.4899697	18.176779	-1.1109096	1447394510643
2.7581203	12.373235	-1.340753	1447394510663
1.3024458	10.821792	-1.9536686	1447394510683
-0.32561144	9.059659	-2.8921957	1447394510703
-2.0111294	9.308656	-3.7924154	1447394510723
-4.3478703	11.453861	-0.842759	1447394510743
-3.0262709	13.522451	-0.22984336	1447394510763
-1.2258313	14.824897	-0.36391866	1447394510783
0.21068975	14.767436	-1.2258313	1447394510803
0.2681506	11.128249	-2.183512	1447394510823
-0.6703765	8.485051	-0.2873042	1447394510843
-0.91937345	6.9144545	-0.4405331	1447394510863
0.15322891	5.8226986	-1.6280571	1447394510883
0.9768343	4.405331	0.019153614	1447394510903
-0.17238252	4.1371803	1.7429788	1447394510923
-1.1109096	4.3478703	2.0685902	1447394510943
-1.1300632	4.3478703	1.7621324	1447394510967
-0.61291564	3.715801	1.2066777	1447394510983
-0.5363012	3.3327289	1.9536686	1447394511003
-1.0151415	3.4476504	2.777274	1447394511023
-1.2066777	3.5242648	3.7732618	1447394511043
-1.3790601	5.497087	6.588843	1447394511063
-0.93852705	8.178593	7.4124484	1447394511083
0.38307226	13.599066	9.059659	1447394511104
0.40222588	20.819979	8.887277	1447394511123
-2.9879637	15.68681	2.566584	1447394511143
-4.5777135	7.9104424	2.566584	1447394511163
-6.205771	8.446744	3.2369606	1447394511183
-0.5554548	11.87524	6.7229185	1447394511204
1.532289	11.990162	5.4204726	1447394511223
-0.21068975	10.304645	1.3024458	1447394511243
-4.807557	8.331821	-2.566584	1447394511263
-3.7541082	4.2904096	0.05746084	1447394511283
-0.7469909	3.5242648	1.7429788	1447394511303
3.064578	3.964798	-0.4213795	1447394511323
5.5162406	8.523358	-2.7964275	1447394511343
5.7269306	16.280571	-2.566584	1447394511363
2.3175871	12.947843	0.095768064	1447394511383
-0.82360536	7.4124484	2.7389667	1447394511403
-2.8921957	4.367024	1.7238252	1447394511423
-1.9153614	7.565677	2.528277	1447394511444
-0.05746084	9.787497	2.3558946	1447394511468
1.2066777	10.113108	0.78529817	1447394511483
1.8004397	8.274361	-1.2066777	1447394511503
1.3982137	6.799533	-1.685518	1447394511523
1.4556746	8.90643	-2.2026656	1447394511543
1.0151415	9.80665	-1.5514427	1447394511563
-0.82360536	9.634268	0.49799395	1447394511583
0.019153614	9.385271	3.083732	1447394511603
0.47884035	9.768343	0.6512229	1447394511623
-0.59376204	9.9790325	0.19153613	1447394511643
2.0111294	11.645397	-1.2258313	1447394511663
4.6160207	11.319786	-1.8195933	1447394511683
4.060566	11.051635	-1.1875241	1447394511704
2.1643584	10.726024	-0.5363012	1447394511723
3.217807	13.464991	-0.6895301	1447394511743
3.083732	17.027563	-0.59376204	1447394511763
2.4133554	14.882358	-1.3790601	1447394511783
0.6512229	13.694834	-1.8579005	1447394511804
-2.087744	8.6574335	-3.7924154	1447394511823
-3.6583402	9.385271	-4.596867	1447394511843
-4.5202527	10.477027	-2.4516625	1447394511863
-3.3327289	11.990162	-0.24899697	1447394511883
-1.1109096	16.16565	-0.019153614	1447394511903
-0.30645782	14.518439	-0.11492168	1447394511923
0.17238252	12.29662	-1.091756	1447394511943
0.15322891	10.132261	-1.5514427	1447394511963
0.5363012	5.3247046	-1.1683705	1447394511985
1.5131354	4.8841715	-3.1603463	1447394512003
2.087744	3.9264908	-1.5131354	1447394512023
1.4556746	3.3135753	0.4213795	1447394512043
-1.9153614	3.9839516	2.030283	1447394512063
-2.6048915	4.6926355	1.7621324	1447394512083
-2.2218192	5.0374002	1.8579005	1447394512103
-0.78529817	5.3438582	3.122039	1447394512123
-0.7661445	5.841852	4.2521024	1447394512143
-0.80445176	6.0525417	5.2289367	1447394512164
-1.3215994	5.8226986	6.3206925	1447394512186
-2.183512	7.5465236	7.3166804	1447394512203
-1.0342951	10.342952	7.297527	1447394512223
-0.05746084	15.073894	5.841852	1447394512244
0.30645782	18.693928	4.4244847	1447394512263
-2.0111294	9.059659	6.2632318	1447394512283
-5.2480903	8.37013	5.0757074	1447394512303
-5.6886234	12.334928	4.6926355	1447394512323
-4.2904096	13.8480625	4.6351743	1447394512343
-0.21068975	11.243171	2.815581	1447394512368
-1.7238252	7.833828	0.38307226	1447394512383
-4.4436383	4.76925	-1.8004397	1447394512403
-4.4819455	3.7541082	-1.340753	1447394512423
0.2873042	5.45878	1.8195933	1447394512443
4.098873	6.895301	0.59376204	1447394512463
5.5737014	11.281479	-1.4556746	1447394512483
5.9567738	14.690822	-2.6431987	1447394512503
1.3790601	9.576807	1.3599066	1447394512523
-1.3982137	5.6886234	1.340753	1447394512543
-2.6240451	4.8841715	0.019153614	1447394512563
-2.183512	6.7229185	0.8619126	1447394512583
0.40222588	10.0748005	1.5514427	1447394512603
1.436521	9.251195	0.22984336	1447394512623
1.9728222	7.086837	-1.6089035	1447394512643
1.4556746	7.699753	-2.6623523	1447394512663
1.5514427	9.481039	-2.834735	1447394512683
0.82360536	9.883265	-0.93852705	1447394512703
-0.17238252	9.442732	1.7429788	1447394512724
1.1300632	9.040505	0.90021986	1447394512744
0.34476504	9.32781	-0.6512229	1447394512763
-0.45968673	10.764331	-0.7086837	1447394512783
0.51714754	12.08593	-0.9768343	1447394512803
3.083732	11.760319	-1.3024458	1447394512823
1.6472107	10.764331	-0.2681506	1447394512844
0.17238252	9.844957	0.40222588	1447394512863
-0.6703765	9.959879	1.4939818	1447394512883
2.183512	18.004396	-2.2601264	1447394512903
2.6431987	18.44493	-2.2409728	1447394512923
3.122039	12.50731	-2.3558946	1447394512943
1.8195933	9.500193	-3.3327289	1447394512963
-2.1452048	10.764331	-3.7924154	1447394512983
-3.0071173	12.737153	-3.217807	1447394513003
-2.7964275	15.227123	-1.091756	1447394513023
-2.0685902	15.667656	0.4213795	1447394513043
-0.40222588	13.215993	-0.51714754	1447394513063
0.019153614	10.840945	-2.6048915	1447394513083
0.0	8.465898	-3.1603463	1447394513103
-0.34476504	6.033388	-0.6703765	1447394513123
0.63206923	5.1523223	-0.8810662	1447394513144
1.3215994	4.501099	-1.3599066	1447394513163
0.82360536	3.9456444	-0.1340753	1447394513183
-1.091756	4.2904096	1.2449849	1447394513203
-1.2066777	4.0414124	0.91937345	1447394513223
-0.9576807	3.5242648	0.93852705	1447394513243
-0.49799395	3.3327289	1.3599066	1447394513263
-1.091756	4.6351743	3.2752678	1447394513283
-0.9576807	5.439626	4.6160207	1447394513303
-0.78529817	6.1866174	6.4547677	1447394513323
-0.59376204	6.9719152	8.389283	1447394513343
-0.17238252	12.947843	8.504205	1447394513368
-0.8810662	18.617311	5.66947	1447394513383
-1.1875241	20.321983	3.1986535	1447394513403
-0.17238252	13.177686	4.999093	1447394513423
-4.3861775	5.267244	6.8569937	1447394513443
-4.7309427	10.572795	6.3206925	1447394513467
-2.5474305	15.112201	7.489063	1447394513483
-2.1260512	16.395493	4.9224787	1447394513503
-2.9113493	9.270349	-4.4244847	1447394513523
-2.8538885	4.309563	-3.1986535	1447394513543
-2.6048915	3.2944214	-0.095768064	1447394513563
1.1492168	4.501099	2.087744	1447394513583
2.9496565	7.776367	0.11492168	1447394513603
4.0414124	12.852075	-1.4556746	1447394513624
5.2863975	15.859192	-2.0494366	1447394513644
2.3558946	8.791509	0.38307226	1447394513663
-0.6703765	6.0716953	0.4405331	1447394513683
-2.4133554	5.1523223	-0.076614454	1447394513704
-2.9113493	6.0716953	0.34476504	1447394513723
-0.5363012	8.90643	2.8921957	1447394513744
0.2873042	8.868123	1.5705963	1447394513770
0.5554548	7.9870567	-0.9959879	1447394513787
0.90021986	7.4124484	-3.4093432	1447394513804
1.8195933	8.6574335	-3.5817258	1447394513823
0.6703765	9.710882	0.2681506	1447394513843
0.076614454	9.576807	3.466804	1447394513863
1.5514427	9.481039	3.6391866	1447394513883
0.8619126	10.055647	-1.1492168	1447394513903
-1.0342951	11.032481	-0.6512229	1447394513923
-0.2873042	11.166556	-0.9576807	1447394513943
2.5474305	10.802638	-2.1643584	1447394513963
2.6431987	11.18571	-1.4748282	1447394513983
0.9959879	9.959879	-0.5554548	1447394514003
0.32561144	10.01734	1.4556746	1447394514023
1.685518	11.511322	0.4405331	1447394514043
2.7964275	18.80885	-1.9919758	1447394514063
2.4708161	14.211981	-1.7238252	1447394514083
0.6895301	11.358093	-2.0685902	1447394514103
-2.585738	9.155427	-4.1371803	1447394514123
-3.964798	9.519346	-3.0454245	1447394514143
-3.5242648	11.070788	-1.7046716	1447394514163
-2.5474305	13.790602	-0.9959879	1447394514183
-0.49799395	15.456966	0.15322891	1447394514203
-0.2681506	12.966996	-0.6703765	1447394514224
-0.7278373	10.28549	-1.3982137	1447394514244
-0.8619126	7.393295	-0.9768343	1447394514263
1.283292	4.309563	-1.3982137	1447394514283
2.1068976	3.715801	-1.0342951	1447394514304
1.5514427	3.86903	-0.6512229	1447394514323
0.11492168	3.8307228	1.5514427	1447394514343
-1.6089035	4.55856	2.1643584	1447394514368
-1.6472107	4.7884035	1.7621324	1447394514383
-1.2066777	4.213795	1.5514427	1447394514404
-1.0534488	3.8307228	2.2601264	1447394514423
-1.2449849	4.9224787	4.3861775	1447394514443
-1.2449849	6.2823853	5.3438582	1447394514463
-1.091756	7.603985	6.646304	1447394514483
-1.1492168	9.32781	8.504205	1447394514504
-0.34476504	17.7554	7.565677	1447394514523
-0.91937345	18.425776	5.2289367	1447394514544
-1.6663644	12.77546	5.4204726	1447394514564
-4.865018	5.439626	4.6351743	1447394514583
-5.305551	8.963891	4.4819455	1447394514603
-2.873042	13.158532	5.5162406	1447394514623
-1.1492168	15.150508	5.2289367	1447394514643
-2.7964275	11.089942	-3.5242648	1447394514663
-4.807557	6.7612257	-3.4093432	1447394514683
-4.175488	4.3478703	-0.8619126	1447394514704
-3.4476504	3.5625722	1.3215994	1447394514723
3.5625722	5.841852	0.78529817	1447394514743
5.93762	11.798626	0.7661445	1447394514764
7.4124484	16.85518	-1.3599066	1447394514783
5.995081	16.663643	-1.7621324	1447394514804
-1.8004397	5.861006	-0.40222588	1447394514823
-3.9456444	3.7732618	-1.0726024	1447394514843
-4.3861775	4.596867	1.8770541	1447394514863
-3.1986535	7.240066	4.309563	1447394514883
0.38307226	8.293514	1.8962077	1447394514903
1.5514427	7.374141	-2.0111294	1447394514923
2.432509	7.489063	-6.493075	1447394514943
3.122039	8.408437	-6.7803793	1447394514963
0.59376204	9.32781	1.1492168	1447394514983
-0.6512229	8.983045	2.566584	1447394515003
0.51714754	9.404425	2.681506	1447394515023
0.78529817	8.676587	-2.5474305	1447394515044
0.11492168	9.097966	-2.2601264	1447394515063
2.1068976	10.457873	-1.5131354	1447394515083
3.4476504	11.319786	-1.3599066	1447394515103
1.2258313	11.262324	0.095768064	1447394515123
-0.45968673	10.553641	1.091756	1447394515143
-1.0342951	10.28549	1.934515	1447394515163
-0.38307226	11.128249	1.0342951	1447394515183
2.8538885	19.958065	-2.9496565	1447394515203
3.4476504	16.567875	-1.8387469	1447394515223
2.0685902	13.024457	-1.9728222	1447394515243
0.17238252	10.362105	-2.2601264	1447394515263
-2.7389667	9.768343	-4.060566	1447394515283
-3.3327289	10.726024	-2.815581	1447394515303
-2.815581	12.277467	-0.21068975	1447394515323
-1.8195933	14.403518	0.51714754	1447394515344
0.7086837	14.403518	-0.842759	1447394515363
0.7086837	11.81778	-2.030283	1447394515383
0.19153613	9.404425	-2.27928	1447394515404
0.095768064	6.933608	-0.9959879	1447394515424
0.9959879	4.6351743	-1.0342951	1447394515443
1.283292	4.175488	-0.34476504	1447394515463
0.78529817	4.2521024	0.24899697	1447394515483
-0.5363012	4.4436383	1.1875241	1447394515503
-1.3982137	5.401319	0.9576807	1447394515523
-1.0534488	4.9799395	0.49799395	1447394515543
-0.9959879	4.6351743	0.49799395	1447394515563
-2.1643584	4.5202527	2.9496565	1447394515583
-2.3942018	4.405331	4.367024	1447394515604
-2.3942018	4.8841715	5.7843914	1447394515624
-2.1260512	6.4164605	6.9719152	1447394515643
0.4405331	13.8480625	9.174581	1447394515663
-0.038307227	19.460072	7.9487495	1447394515684
-1.6089035	18.195932	5.45878	1447394515703
-2.432509	11.089942	5.9759274	1447394515723
-5.861006	9.232041	3.8307228	1447394515744
-5.267244	12.832921	4.213795	1447394515764
-3.4284968	12.947843	3.1986535	1447394515783
-0.9576807	13.2351465	2.0111294	1447394515803
-2.2218192	9.3661175	-0.2873042	1447394515823
-2.96881	5.841852	0.51714754	1447394515844
-2.27928	4.2904096	1.4939818	1447394515863
-0.7469909	3.6391866	1.532289	1447394515883
3.6583402	7.5465236	-2.1643584	1447394515903
5.171476	12.679692	-2.815581	1447394515923
5.650316	15.95496	-3.371036	1447394515944
3.8115692	13.350069	-0.9768343	1447394515963
-2.6431987	5.056554	2.4516625	1447394515983
-3.715801	5.554548	1.3790601	1447394516004
-2.7006595	7.565677	1.9153614	1447394516023
0.7086837	9.730036	1.1492168	1447394516044
1.7429788	8.178593	-0.038307227	1447394516063
2.1068976	6.3781533	-1.436521	1447394516083
2.0685902	6.2632318	-2.336741	1447394516103
2.2601264	9.80665	-3.4859576	1447394516124
0.4405331	10.113108	-0.47884035	1447394516144
-0.6895301	9.5385	2.183512	1447394516163
0.38307226	9.078813	3.217807	1447394516183
0.36391866	9.825804	-1.1492168	1447394516203
-0.32561144	10.668563	-1.4173675	1447394516223
0.5746084	11.87524	-1.2066777	1447394516244
2.5474305	11.990162	-1.9728222	1447394516263
1.2449849	10.898406	-1.2641385	1447394516283
0.11492168	10.515334	-0.4213795	1447394516303
-0.15322891	10.994174	0.91937345	1447394516323
1.4173675	12.717999	0.038307227	1447394516344
3.2369606	15.629349	-1.2258313	1447394516363
3.2369606	12.277467	-2.030283	1447394516383
2.1452048	10.515334	-2.719813	1447394516404
0.59376204	9.634268	-3.86903	1447394516424
-3.1411927	11.281479	-2.6623523	1447394516444
-3.8115692	13.043611	-0.36391866	1447394516463
-3.083732	14.30775	0.6512229	1447394516483
-0.47884035	12.947843	0.019153614	1447394516503
0.05746084	10.955867	-0.8619126	1447394516523
0.15322891	9.615114	-1.9153614	1447394516543
0.11492168	8.0445175	-1.2641385	1447394516563
1.0151415	6.129156	-1.283292	1447394516583
1.091756	5.209783	-1.4939818	1447394516603
0.5554548	4.3478703	-0.32561144	1447394516623
-0.7661445	4.3287168	0.4405331	1447394516644
-1.9536686	4.5394063	0.9959879	1447394516663
-1.532289	4.1946416	1.1300632	1447394516683
-1.1875241	3.715801	1.0342951	1447394516703
-1.2066777	3.6966474	1.4939818	1447394516723
-1.8579005	4.367024	5.554548	1447394516744
-2.1452048	5.133168	7.642292	1447394516770
-2.4708161	6.7803793	8.7532015	1447394516783
-2.566584	9.461885	9.078813	1447394516804
-3.4093432	16.529568	6.5122285	1447394516824
-4.1180267	16.625336	2.0685902	1447394516843
-3.2944214	12.737153	2.777274	1447394516863
-3.4476504	8.791509	5.6886234	1447394516883
-5.056554	13.369223	6.646304	1447394516903
-4.405331	15.7825775	7.431602	1447394516923
-1.9919758	13.771448	3.5625722	1447394516943
-0.9768343	9.423578	-2.681506	1447394516963
-2.030283	5.094861	-0.842759	1447394516983
-0.80445176	5.9184666	2.087744	1447394517004
1.3982137	5.8226986	3.1028855	1447394517023
3.9839516	8.1402855	-1.3790601	1447394517043
4.2521024	12.047623	-3.3901896	1447394517063
4.8267107	15.05474	-2.873042	1447394517083
3.3518825	13.139379	0.7469909	1447394517104
-2.1068976	5.2863975	0.7661445	1447394517123
-3.4284968	4.9799395	0.24899697	1447394517143
-3.4476504	6.397307	1.7046716	1447394517163
-2.3175871	8.504205	2.336741	1447394517183
0.7086837	8.255207	0.076614454	1447394517203
1.4748282	7.2592196	-1.4748282	1447394517223
1.7046716	7.4507556	-2.432509	1447394517244
2.2026656	7.9870567	-3.6774938	1447394517263
0.59376204	9.423578	0.0	1447394517283
-0.05746084	9.270349	3.4284968	1447394517304
0.6512229	8.599973	2.681506	1447394517323
0.2873042	8.829816	-0.2873042	1447394517344
-1.9919758	11.856087	-0.4213795	1447394517363
0.2681506	12.105083	-1.8004397	1447394517383
3.4476504	11.626244	-2.585738	1447394517404
4.3478703	11.434708	-1.4173675	1447394517427
1.7238252	10.151415	0.19153613	1447394517446
2.585738	12.449849	-0.24899697	1447394517463
2.930503	18.253393	-1.3790601	1447394517483
1.8770541	13.2351465	-2.183512	1447394517504
0.4213795	10.97502	-2.1643584	1447394517523
-0.78529817	8.63828	-3.8498764	1447394517544
-2.432509	8.580819	-5.497087	1447394517563
-4.0222588	11.683704	-0.2681506	1447394517583
-2.585738	14.729129	1.6280571	1447394517604
-1.1109096	16.069881	1.3790601	1447394517624
-0.4405331	15.016433	-0.17238252	1447394517644
0.1340753	11.204864	-2.777274	1447394517663
-0.15322891	9.691729	-2.6623523	1447394517683
-0.038307227	7.8912888	-2.4516625	1447394517704
0.61291564	5.861006	-2.0685902	1447394517723
1.2449849	3.5242648	0.11492168	1447394517744
-0.2873042	3.5625722	1.1109096	1447394517763
-1.7046716	3.8881836	0.8810662	1447394517783
-1.9919758	3.8881836	1.2066777	1447394517804
-0.7661445	3.371036	1.3982137	1447394517824
-0.8810662	3.6391866	1.8004397	1447394517844
-1.2066777	3.9839516	2.815581	1447394517863
-1.532289	4.5202527	3.4476504	1447394517883
-1.8387469	6.301539	5.3438582	1447394517904
-1.6280571	8.542512	6.5696893	1447394517923
-0.7086837	12.890382	7.833828	1447394517944
0.6512229	18.387468	8.101978	1447394517963
-0.40222588	15.227123	6.9719152	1447394517983
-2.1260512	7.067683	7.374141	1447394518004
-4.0797195	4.807557	6.3781533	1447394518023
-2.834735	11.836933	5.535394	1447394518044
-2.3750482	13.733141	2.7581203	1447394518063
-2.3175871	14.958972	-1.934515	1447394518083
-2.9496565	12.717999	-5.1140146	1447394518104
-2.1643584	3.715801	2.7581203	1447394518123
-0.93852705	3.6966474	4.4244847	1447394518144
1.1300632	3.7541082	3.0262709	1447394518163
2.6048915	5.899313	0.45968673	1447394518184
4.9416323	14.920665	-3.1028855	1447394518204
4.309563	16.22311	-2.432509	1447394518223
2.1260512	11.377247	-1.1109096	1447394518244
-0.38307226	5.7269306	-0.22984336	1447394518263
-3.1794999	4.711789	0.63206923	1447394518284
-2.2026656	6.703765	1.8387469	1447394518304
-0.7086837	8.121132	1.8579005	1447394518323
0.7469909	8.197746	0.4213795	1447394518344
2.4133554	9.595961	-5.2863975	1447394518363
2.27928	10.208876	-3.122039	1447394518383
0.9959879	9.672575	-0.095768064	1447394518404
-0.11492168	9.021352	1.436521	1447394518424
1.0342951	8.887277	1.6663644	1447394518444
1.0726024	9.078813	-1.0534488	1447394518463
-0.076614454	9.902418	-1.0342951	1447394518484
0.21068975	11.262324	-0.9576807	1447394518504
1.934515	11.3964	-1.685518	1447394518523
2.9879637	10.898406	-1.5514427	1447394518544
2.4708161	10.43872	-1.340753	1447394518563
0.63206923	10.113108	0.2873042	1447394518583
2.1260512	13.062764	-1.1875241	1447394518604
2.2984335	19.211075	-1.8387469	1447394518623
2.7581203	16.4338	-1.6472107	1447394518644
0.7661445	9.844957	-2.585738	1447394518663
-0.5363012	8.925584	-3.9839516	1447394518683
-2.7581203	11.013328	-3.7541082	1447394518703
-3.9839516	13.215993	-1.7238252	1447394518724
-2.8921957	16.069881	0.59376204	1447394518744
-1.4556746	14.767436	-0.7661445	1447394518763
-0.36391866	12.890382	-2.3558946	1447394518783
0.5363012	10.496181	-2.6623523	1447394518804
0.6703765	6.339846	-0.63206923	1447394518824
1.0151415	5.631162	-2.087744	1447394518844
1.3790601	5.1906295	-2.6240451	1447394518863
1.3215994	3.86903	-1.1109096	1447394518883
-1.3790601	4.0797195	1.1109096	1447394518904
-2.4708161	4.5394063	1.6089035	1447394518924
-2.2984335	4.405331	1.7238252	1447394518944
-1.532289	3.5625722	0.8810662	1447394518964
-1.5705963	3.5625722	1.9728222	1447394518983
-1.7238252	3.8881836	3.4476504	1447394519003
-1.5705963	4.271256	5.094861	1447394519023
-1.2449849	8.542512	7.9104424	1447394519044
-0.40222588	12.660539	9.040505	1447394519063
-0.30645782	18.061857	8.0445175	1447394519083
-2.087744	21.317972	4.232949	1447394519104
-3.466804	9.174581	5.1140146	1447394519123
-4.501099	5.6886234	5.0757074	1447394519144
-5.1906295	8.446744	4.7309427	1447394519163
-3.7732618	11.587936	5.45878	1447394519183
-1.340753	12.564771	2.1452048	1447394519204
-2.1068976	10.97502	-1.8195933	1447394519223
-3.5625722	8.714894	-3.217807	1447394519243
-2.6240451	6.531382	-0.34476504	1447394519263
0.842759	3.7732618	1.7429788	1447394519283
2.7389667	4.7884035	-1.091756	1447394519304
4.156334	8.676587	-2.1260512	1447394519324
5.305551	13.292608	-2.719813	1447394519344
2.336741	11.722012	0.7086837	1447394519363
-0.7469909	7.680599	1.436521	1447394519383
-2.6431987	5.631162	1.1875241	1447394519404
-2.6431987	6.0716953	1.1875241	1447394519423
0.019153614	9.174581	1.5131354	1447394519444
1.2641385	8.523358	0.82360536	1447394519463
1.8004397	7.1634517	-0.6512229	1447394519503
1.934515	8.446744	-3.6774938	1447394519504
1.4939818	9.519346	-3.2369606	1447394519524
-0.36391866	9.232041	-0.49799395	1447394519551
-1.3215994	9.078813	1.7238252	1447394519564
0.4405331	9.385271	1.6663644	1447394519583
0.019153614	9.059659	0.2681506	1447394519603
-0.47884035	10.228029	-0.47884035	1447394519623
0.4405331	11.894394	-0.8619126	1447394519644
4.175488	11.204864	-1.0726024	1447394519664
3.4476504	10.5919485	-1.283292	1447394519683
2.2409728	9.959879	-1.1109096	1447394519703
2.6240451	11.722012	-1.2258313	1447394519724
3.122039	16.625336	-1.5131354	1447394519745
2.27928	14.001291	-1.8579005	1447394519763
0.7086837	12.50731	-1.4939818	1447394519784
-0.80445176	9.825804	-2.27928	1447394519804
-3.5051112	9.730036	-3.217807	1447394519824
-3.9264908	10.477027	-1.532289	1447394519845
-3.4093432	12.641385	-0.11492168	1447394519863
-2.4516625	15.073894	0.5554548	1447394519883
0.2681506	13.426683	0.0	1447394519904
0.5363012	11.894394	-2.566584	1447394519924
0.2681506	9.595961	-1.7046716	1447394519944
1.2258313	5.707777	-0.9959879	1447394519963
1.5705963	5.267244	-1.4556746	1447394519983
0.93852705	4.5202527	-0.4213795	1447394520003
-0.61291564	4.098873	0.8619126	1447394520024
-2.3558946	4.3478703	1.4173675	1447394520043
-2.0494366	4.098873	1.1875241	1447394520063
-1.8962077	3.9073372	1.0726024	1447394520083
-1.7046716	3.8115692	1.283292	1447394520104
-2.1643584	4.060566	4.0797195	1447394520126
-2.2601264	4.0414124	5.439626	1447394520146
-2.336741	4.9416323	6.5505357	1447394520163
-1.8770541	7.067683	7.7572136	1447394520183
-1.3024458	17.832014	7.240066	1447394520204
-1.8195933	21.815966	4.3478703	1447394520223
-1.7046716	17.678785	4.960786	1447394520243
-3.1028855	9.232041	5.401319	1447394520263
-6.1100025	7.833828	4.865018	1447394520283
-4.003105	11.568783	5.497087	1447394520303
-1.685518	13.158532	5.3247046	1447394520323
0.7661445	14.173674	3.0454245	1447394520344
-2.8921957	8.293514	-2.0494366	1447394520363
-3.2752678	5.4204726	-0.24899697	1447394520383
-2.2984335	3.715801	1.9536686	1447394520403
1.934515	4.0797195	-0.5363012	1447394520423
4.156334	8.791509	-2.566584	1447394520444
5.841852	13.9438305	-3.6966474	1447394520463
6.2632318	16.49126	-3.6774938	1447394520484
0.11492168	7.4507556	3.0071173	1447394520504
-2.4708161	5.1523223	3.083732	1447394520523
-3.083732	5.803545	0.80445176	1447394520543
-2.1452048	7.6614456	1.3599066	1447394520564
0.47884035	8.714894	0.5746084	1447394520583
1.0534488	7.1251445	-1.0534488	1447394520603
0.82360536	6.8186865	-2.719813	1447394520623
0.91937345	8.197746	-3.7924154	1447394520644
0.038307227	9.5385	-0.4213795	1447394520664
-0.6895301	9.193734	1.8770541	1447394520683
0.15322891	9.097966	2.777274	1447394520703
1.0342951	9.289502	1.2066777	1447394520724
-1.2641385	10.553641	0.0	1447394520744
-0.45968673	11.683704	-0.9768343	1447394520769
2.1260512	11.492168	-2.0685902	1447394520783
4.0414124	10.97502	-1.5897499	1447394520804
2.2218192	10.304645	-0.2873042	1447394520823
2.183512	11.18571	0.05746084	1447394520844
2.815581	16.472107	-0.90021986	1447394520863
2.873042	18.406622	-0.8619126	1447394520883
0.7086837	12.6222315	-2.681506	1447394520904
-0.51714754	10.419566	-3.0454245	1447394520924
-1.6280571	9.308656	-4.5394063	1447394520944
-4.405331	11.147403	-1.1683705	1447394520963
-3.8881836	12.737153	0.47884035	1447394520984
-2.719813	14.5759	0.82360536	1447394521004
-1.5514427	14.518439	0.19153613	1447394521023
0.19153613	11.204864	-2.528277	1447394521044
0.32561144	9.634268	-2.9496565	1447394521064
0.6703765	7.4507556	-1.2641385	1447394521087
1.5897499	6.588843	-2.719813	1447394521103
1.7429788	4.4244847	-0.36391866	1447394521124
0.34476504	4.060566	0.9959879	1447394521143
-1.3024458	4.4244847	1.0151415	1447394521163
-2.183512	4.76925	1.2258313	1447394521183
-1.8579005	4.405331	0.9768343	1447394521203
-1.4939818	4.1946416	1.1492168	1447394521224
-1.6280571	4.098873	2.1452048	1447394521244
-1.8579005	3.9073372	3.4476504	1447394521263
-2.3175871	4.462792	5.995081	1447394521283
-2.0494366	6.339846	6.933608	1447394521303
-0.80445176	10.553641	7.6231384	1447394521323
0.38307226	17.48725	7.929596	1447394521344
-2.3558946	18.464083	4.4436383	1447394521363
-3.6391866	9.289502	6.1866174	1447394521383
-5.133168	5.1523223	5.363012	1447394521403
-5.056554	11.319786	5.592855	1447394521423
-1.4748282	9.902418	3.8307228	1447394521443
0.40222588	10.036493	2.9113493	1447394521463
-0.36391866	11.281479	0.11492168	1447394521483
-2.336741	9.634268	-0.4405331	1447394521504
-0.61291564	6.0525417	2.6048915	1447394521523
0.4405331	3.5817258	1.5897499	1447394521544
1.6280571	4.309563	-1.6280571	1447394521563
4.0414124	12.181698	-2.2984335	1447394521583
4.1180267	14.173674	-1.283292	1447394521604
1.4939818	12.29662	1.1300632	1447394521624
-1.1875241	8.580819	0.7278373	1447394521644
-3.0071173	5.363012	0.40222588	1447394521663
-1.685518	7.029376	1.1109096	1447394521684
0.019153614	8.350976	0.91937345	1447394521703
1.5897499	7.469909	-0.45968673	1447394521724
1.9919758	8.465898	-5.535394	1447394521744
1.4939818	10.745177	-2.432509	1447394521763
0.5554548	10.860099	1.8770541	1447394521783
0.59376204	10.0748005	3.1986535	1447394521803
2.6240451	8.6574335	0.90021986	1447394521823
1.8579005	8.37013	-1.3024458	1447394521843
-0.19153613	9.5385	-0.019153614	1447394521863
-1.091756	10.496181	0.7469909	1447394521883
1.3790601	11.18571	-2.030283	1447394521904
3.3327289	10.553641	-2.2409728	1447394521923
3.6008794	10.783484	-1.6280571	1447394521943
1.4556746	10.228029	0.40222588	1447394521963
2.0111294	13.369223	-0.5746084	1447394521983
2.1452048	17.506403	-1.2641385	1447394522004
2.5474305	15.399506	-0.93852705	1447394522023
0.21068975	11.166556	-1.2066777	1447394522043
-0.93852705	9.385271	-2.834735	1447394522063
-2.4133554	9.959879	-3.5817258	1447394522086
-3.371036	10.898406	-2.6623523	1447394522103
-2.3175871	14.384364	-1.1300632	1447394522123
-1.2449849	14.690822	-0.9576807	1447394522143
-0.34476504	13.637373	-0.6512229	1447394522168
0.22984336	12.066776	-0.8619126	1447394522183
-0.34476504	7.489063	-0.1340753	1447394522203
-0.38307226	6.493075	-1.1300632	1447394522223
0.5363012	5.93762	-1.8579005	1447394522244
1.3599066	4.711789	-0.91937345	1447394522263
-0.40222588	4.903325	1.6472107	1447394522284
-1.7812861	5.094861	1.4556746	1447394522304
-2.0494366	5.0374002	1.283292	1447394522329
-1.5897499	4.6926355	1.3215994	1447394522347
-1.1492168	4.156334	2.1643584	1447394522368
-1.436521	4.3478703	3.0262709	1447394522383
-1.4939818	4.654328	3.8115692	1447394522403
-2.1260512	5.7269306	5.4779334	1447394522423
-2.5474305	7.335834	6.4739213	1447394522443
-2.2601264	10.304645	6.7612257	1447394522463
-1.283292	15.610195	6.7229185	1447394522483
-0.34476504	19.977219	3.9264908	1447394522503
-0.9576807	11.473015	6.2249246	1447394522523
-2.2601264	5.209783	7.2209125	1447394522543
-4.501099	4.1371803	5.9759274	1447394522563
-2.087744	11.224017	5.094861	1447394522583
-0.7278373	13.905523	3.3327289	1447394522603
-0.59376204	15.437813	0.15322891	1447394522623
-2.2218192	13.177686	-3.4284968	1447394522644
-3.2752678	4.7500963	0.78529817	1447394522666
-2.9879637	2.6431987	1.6089035	1447394522683
-1.4173675	2.6240451	0.90021986	1447394522703
1.6663644	5.1140146	-0.36391866	1447394522723
5.592855	14.537593	-2.6431987	1447394522743
4.8267107	15.361198	-2.9496565	1447394522763
1.3982137	11.664551	-0.47884035	1447394522783
-1.5897499	7.1634517	0.6512229	1447394522803
-2.834735	6.83784	0.17238252	1447394522823
-1.1875241	8.37013	1.5131354	1447394522843
0.095768064	9.155427	1.7621324	1447394522863
1.8004397	7.699753	-1.1109096	1447394522884
2.030283	7.8912888	-2.815581	1447394522904
2.3175871	8.485051	-3.371036	1447394522924
2.27928	9.11712	-2.719813	1447394522943
0.80445176	9.078813	1.7046716	1447394522963
1.0726024	9.097966	2.5474305	1447394522983
1.3215994	8.810662	1.1300632	1447394523003
0.32561144	8.408437	-0.49799395	1447394523023
-0.8619126	10.726024	0.49799395	1447394523043
0.59376204	11.492168	-0.63206923	1447394523063
2.1260512	11.722012	-2.087744	1447394523084
2.6048915	11.032481	-2.2409728	1447394523103
0.7661445	10.247183	-0.076614454	1447394523123
0.4405331	11.109096	0.5746084	1447394523143
1.685518	14.882358	-0.93852705	1447394523163
1.9728222	19.096153	-1.6280571	1447394523183
2.681506	13.350069	-1.5897499	1447394523203
1.3024458	11.33894	-1.7429788	1447394523223
-0.11492168	9.308656	-3.1794999	1447394523243
-1.7621324	10.093954	-3.6774938	1447394523263
-2.8538885	12.717999	-1.1109096	1447394523283
-1.6472107	13.828909	-0.15322891	1447394523303
-0.40222588	13.369223	-0.7086837	1447394523323
0.21068975	12.679692	-1.4556746	1447394523343
-0.38307226	9.423578	-2.3558946	1447394523363
-0.9768343	7.7572136	-0.36391866	1447394523383
-0.38307226	6.4739213	-0.34476504	1447394523403
1.0342951	4.807557	-0.45968673	1447394523423
0.4213795	4.3478703	-0.15322891	1447394523443
-0.5363012	4.501099	0.7469909	1447394523463
-1.1875241	4.8267107	1.685518	1447394523483
-1.3599066	4.8267107	1.8387469	1447394523503
-1.3599066	4.462792	1.5131354	1447394523523
-1.6280571	4.1180267	2.1643584	1447394523544
-1.8579005	4.3861775	2.719813	1447394523563
-1.9919758	4.6351743	4.76925	1447394523583
-2.087744	5.4779334	5.861006	1447394523603
-1.7812861	7.240066	7.1059904	1447394523623
-1.0726024	10.764331	8.542512	1447394523643
-2.815581	21.854273	4.232949	1447394523663
-3.2944214	18.23424	2.1260512	1447394523683
-3.86903	9.730036	3.86903	1447394523703
-5.6120086	5.3247046	5.1523223	1447394523723
-2.3175871	13.081918	7.5848308	1447394523743
-0.7469909	17.027563	6.244078	1447394523763
0.076614454	14.958972	1.436521	1447394523783
-1.8770541	8.580819	-1.8004397	1447394523803
-3.6391866	1.685518	0.019153614	1447394523824
-2.566584	2.2984335	1.1109096	1447394523845
0.30645782	3.7732618	1.0726024	1447394523863
5.3438582	14.116213	-2.0685902	1447394523883
5.803545	17.659632	-4.367024	1447394523903
3.620033	15.1696615	-2.1068976	1447394523923
0.36391866	8.197746	1.685518	1447394523943
-3.6391866	4.3287168	0.45968673	1447394523964
-3.0071173	6.646304	1.2258313	1447394523983
-1.1875241	9.097966	2.432509	1447394524003
0.78529817	9.691729	1.7238252	1447394524023
2.087744	7.335834	-3.1986535	1447394524043
1.8579005	7.5082164	-3.1411927	1447394524063
1.9728222	8.944737	-2.0111294	1447394524083
1.8579005	9.730036	-0.15322891	1447394524104
0.15322891	9.174581	1.8004397	1447394524123
0.8619126	9.11712	1.6089035	1447394524144
0.9576807	9.002198	0.59376204	1447394524163
-0.1340753	9.193734	0.19153613	1447394524183
-0.2873042	11.645397	-0.095768064	1447394524203
1.934515	11.492168	-1.436521	1447394524223
4.3478703	10.783484	-2.2601264	1447394524244
4.673482	10.572795	-1.532289	1447394524263
1.8004397	10.70687	0.6895301	1447394524283
2.3175871	13.043611	0.15322891	1447394524303
2.0494366	17.06587	-0.91937345	1447394524323
1.5514427	15.552734	-1.340753	1447394524343
-0.78529817	11.319786	-1.4748282	1447394524363
-1.5514427	9.404425	-3.3135753	1447394524383
-2.7581203	9.940725	-4.2904096	1447394524403
-3.86903	12.488156	-1.7046716	1447394524424
-3.2561142	14.058752	-0.15322891	1447394524443
-1.9153614	14.882358	-0.1340753	1447394524463
-0.63206923	14.288596	-0.842759	1447394524483
0.38307226	11.128249	-2.4708161	1447394524504
0.15322891	7.929596	-0.63206923	1447394524523
0.36391866	5.45878	-0.038307227	1447394524543
1.0342951	4.405331	-0.82360536	1447394524563
1.3215994	3.7349546	-0.45968673	1447394524586
0.0	3.620033	1.4939818	1447394524604
-1.3790601	4.367024	1.5897499	1447394524623
-2.1452048	5.094861	0.80445176	1447394524643
-1.934515	5.401319	1.0726024	1447394524663
-1.9153614	5.305551	1.9536686	1447394524688
-1.9919758	5.3247046	3.2944214	1447394524707
-1.9153614	5.5162406	4.5202527	1447394524723
-1.6089035	6.4164605	6.4547677	1447394524744
-1.6663644	8.025364	6.6271505	1447394524763
-1.532289	10.419566	6.933608	1447394524783
-1.6280571	14.097059	7.240066	1447394524804
-1.934515	16.721106	2.834735	1447394524823
-1.4748282	12.354081	3.5242648	1447394524843
-2.0685902	8.1402855	4.654328	1447394524863
-4.2521024	8.983045	5.056554	1447394524883
-3.6774938	11.645397	5.535394	1447394524903
-2.2601264	12.5264635	3.8498764	1447394524924
-0.4213795	12.488156	1.8770541	1447394524944
-3.8881836	9.768343	-1.4748282	1447394524969
-3.1603463	6.7229185	0.19153613	1447394524983
-1.2641385	3.86903	2.1260512	1447394525004
1.3215994	3.8307228	1.6280571	1447394525024
5.9567738	9.232041	-2.183512	1447394525044
6.0525417	12.6222315	-2.6431987	1447394525063
4.1371803	13.541605	-1.6663644	1447394525083
0.45968673	10.342952	2.2601264	1447394525103
-3.1603463	6.2823853	2.7964275	1447394525123
-2.0685902	7.469909	0.9959879	1447394525144
-0.45968673	8.90643	0.93852705	1447394525163
0.32561144	9.80665	0.49799395	1447394525183
0.63206923	7.240066	-1.7812861	1447394525204
0.34476504	6.7229185	-1.934515	1447394525223
0.30645782	8.121132	-1.8195933	1447394525243
0.7278373	9.921572	-2.2409728	1447394525263
-0.05746084	9.500193	0.5746084	1447394525283
0.05746084	8.868123	1.5514427	1447394525304
0.7278373	8.868123	1.340753	1447394525324
-0.24899697	8.791509	-0.7086837	1447394525344
-0.82360536	9.002198	0.019153614	1447394525363
-0.19153613	10.189722	-0.61291564	1447394525383
0.91937345	11.204864	-2.087744	1447394525403
3.1411927	10.726024	-2.834735	1447394525423
1.934515	10.151415	-1.9536686	1447394525443
1.0342951	9.730036	-0.82360536	1447394525463
1.3599066	10.400413	-0.05746084	1447394525483
2.27928	15.05474	-2.6623523	1447394525504
2.2409728	15.95496	0.22984336	1447394525523
1.7429788	13.88637	-0.4213795	1447394525543
0.80445176	11.032481	-2.9113493	1447394525563
-1.283292	9.5385	-2.4133554	1447394525583
-2.566584	9.844957	-2.2218192	1447394525604
-3.8115692	10.572795	-1.436521	1447394525624
-4.1946416	10.726024	0.076614454	1447394525643
-1.1109096	13.005303	-0.47884035	1447394525663
0.49799395	13.292608	-2.930503	1447394525683
0.7086837	12.124237	-3.8498764	1447394525703
0.019153614	10.840945	-2.777274	1447394525723
0.0	7.3166804	-1.1300632	1447394525743
0.49799395	6.2249246	-1.436521	1447394525765
-0.1340753	5.305551	-0.6703765	1447394525787
-0.36391866	4.999093	-0.038307227	1447394525803
-1.3790601	6.3589997	1.6280571	1447394525823
-1.6089035	6.5696893	1.2258313	1447394525843
-1.7812861	6.799533	0.9768343	1447394525863
-1.9153614	6.799533	2.3558946	1447394525883
-1.6663644	6.6654577	3.1603463	1447394525903
-1.283292	6.6079965	3.7541082	1447394525924
-1.0534488	6.5696893	3.9073372	1447394525943
-1.1300632	7.1826053	2.7581203	1447394525963
-1.3790601	8.255207	2.681506	1447394525983
-1.0151415	8.619126	3.7541082	1447394526003
-0.47884035	8.810662	4.098873	1447394526023
0.038307227	11.81778	5.3247046	1447394526045
0.7278373	14.480132	3.6774938	1447394526069
2.0494366	15.150508	3.9073372	1447394526087
1.8195933	12.124237	5.171476	1447394526104
-2.6623523	6.5696893	4.175488	1447394526124
-3.6774938	9.423578	3.9264908	1447394526144
-2.8538885	13.388376	3.715801	1447394526169
-3.083732	14.499286	3.0454245	1447394526187
-3.7349546	9.730036	-0.80445176	1447394526203
-3.9264908	10.764331	-1.3982137	1447394526224
-0.47884035	6.6079965	1.9728222	1447394526243
0.5363012	4.309563	3.5434184	1447394526263
0.47884035	6.531382	-2.0111294	1447394526283
2.1260512	8.274361	-2.5091233	1447394526304
3.1603463	11.453861	-12.258312	1447394526323
1.340753	13.637373	6.1866174	1447394526345
-1.9536686	7.1059904	4.999093	1447394526364
-1.8770541	4.5394063	1.9728222	1447394526383
-1.1492168	6.531382	2.566584	1447394526403
0.095768064	9.691729	1.2449849	1447394526423
-0.17238252	10.381259	-0.095768064	1447394526445
-0.1340753	9.768343	-0.7086837	1447394526468
0.076614454	9.595961	-0.6703765	1447394526483
1.2258313	9.193734	-1.1492168	1447394526503
0.7469909	8.829816	-1.2449849	1447394526524
-0.076614454	8.90643	-1.1109096	1447394526543
-0.32561144	9.998186	-1.6280571	1447394526563
-0.038307227	9.940725	-0.6512229	1447394526587
-0.36391866	9.251195	-0.4213795	1447394526603
-0.80445176	9.059659	0.51714754	1447394526624
-0.7661445	9.212888	0.5363012	1447394526646
1.6089035	8.925584	-0.19153613	1447394526663
1.9728222	8.331821	-0.45968673	1447394526683
1.3982137	8.485051	-0.47884035	1447394526704
0.93852705	8.676587	-0.47884035	1447394526725
2.27928	9.059659	-0.2873042	1447394526744
1.5514427	9.615114	-0.38307226	1447394526763
0.7469909	9.921572	-0.63206923	1447394526783
-0.21068975	10.228029	-0.11492168	1447394526803
0.38307226	10.726024	-0.61291564	1447394526824
1.3599066	12.277467	-0.842759	1447394526843
2.2409728	13.062764	-1.5514427	1447394526863
3.1794999	12.047623	-1.8579005	1447394526883
2.2409728	12.066776	-1.3982137	1447394526903
1.7812861	11.415554	-1.9153614	1447394526923
0.7086837	10.898406	-1.283292	1447394526943
-1.5131354	10.0748005	-1.1109096	1447394526963
-2.2409728	9.5385	-1.091756	1447394526983
-2.432509	9.193734	-0.78529817	1447394527003
-2.1643584	9.059659	-0.40222588	1447394527023
1.3215994	11.109096	-1.9919758	1447394527043
1.8579005	11.319786	-2.336741	1447394527063
1.1875241	10.70687	-1.8962077	1447394527083
0.6703765	10.783484	-1.3024458	1447394527103
-0.05746084	9.902418	-0.11492168	1447394527123
-0.36391866	9.959879	0.6895301	1447394527144
0.5746084	10.247183	-0.1340753	1447394527164
0.63206923	10.247183	-0.40222588	1447394527183
0.19153613	10.01734	-0.47884035	1447394527204
0.22984336	9.672575	-0.22984336	1447394527223
0.34476504	9.500193	0.38307226	1447394527243
0.21068975	9.404425	1.3215994	1447394527267
0.019153614	10.70687	2.7006595	1447394527283
0.51714754	11.511322	6.5505357	1447394527303
-0.78529817	7.833828	0.47884035	1447394527323
1.0534488	8.983045	1.5131354	1447394527343
0.5746084	8.1402855	-0.6703765	1447394527364
-0.51714754	8.695741	-0.11492168	1447394527383
-1.340753	8.465898	1.8195933	1447394527403
-2.4133554	5.650316	2.27928	1447394527423
-0.32561144	13.177686	9.155427	1447394527443
5.995081	14.729129	5.5162406	1447394527463
3.8881836	10.323798	0.34476504	1447394527484
0.17238252	7.431602	4.3287168	1447394527504
1.1683705	7.8146744	3.620033	1447394527523
2.336741	9.308656	4.654328	1447394527543
2.432509	9.289502	2.566584	1447394527563
4.8458643	10.266336	2.6048915	1447394527583
4.501099	9.5385	1.3790601	1447394527604
3.7924154	9.595961	2.183512	1447394527626
2.815581	9.710882	1.2641385	1447394527646
4.003105	9.80665	3.9264908	1447394527663
3.7924154	9.844957	-0.22984336	1447394527683
3.5051112	9.80665	-1.9536686	1447394527706
3.0262709	9.32781	-0.076614454	1447394527728
2.719813	10.132261	0.45968673	1447394527745
2.6048915	10.304645	-0.34476504	1447394527763
2.7389667	10.28549	-0.47884035	1447394527783
2.087744	9.385271	0.15322891	1447394527803
2.3175871	8.178593	1.3790601	1447394527823
2.4708161	8.063671	0.45968673	1447394527843
2.336741	7.680599	-0.1340753	1447394527863
1.7046716	7.240066	-0.4405331	1447394527883
1.0151415	6.301539	0.4213795	1447394527903
0.5554548	5.0182467	1.685518	1447394527923
-2.0494366	4.3861775	3.9073372	1447394527943
4.711789	7.9487495	3.9073372	1447394527963
4.271256	7.7572136	3.466804	1447394527986
2.2218192	7.7572136	3.8881836	1447394528003
3.1794999	8.925584	6.205771	1447394528023
4.0414124	8.6574335	5.267244	1447394528044
3.86903	7.335834	4.2521024	1447394528063
3.5242648	6.646304	5.305551	1447394528083
3.2944214	6.2249246	5.803545	1447394528104
2.3175871	5.1906295	6.493075	1447394528124
1.685518	5.3247046	7.52737	1447394528144
1.8387469	5.631162	9.11712	1447394528163
1.7429788	5.707777	9.346964	1447394528183
1.3982137	5.1140146	8.734048	1447394528204
2.030283	6.301539	8.121132	1447394528223
3.2369606	7.201759	7.1251445	1447394528243
3.5051112	6.8569937	3.7349546	1447394528264
2.2601264	7.5082164	2.0111294	1447394528283
1.7429788	6.991069	0.80445176	1447394528303
0.49799395	6.588843	2.030283	1447394528324
-2.0111294	6.6271505	16.203957	1447394528344
1.532289	6.4547677	13.273455	1447394528368
2.96881	6.6846113	6.9719152	1447394528383
1.3215994	7.1059904	6.0716953	1447394528403
-0.17238252	6.4547677	5.9184666	1447394528424
1.1492168	7.2209125	4.903325	1447394528443
1.5897499	7.2209125	5.305551	1447394528463
1.340753	7.1059904	7.144298	1447394528486
0.47884035	7.1059904	8.580819	1447394528503
0.5554548	6.9144545	8.178593	1447394528523
0.6512229	6.7803793	7.73806	1447394528543
0.2873042	6.493075	7.833828	1447394528563
-0.095768064	6.1866174	8.2169	1447394528583
-0.47884035	6.0525417	7.7572136	1447394528603
-0.6703765	5.66947	7.2783732	1447394528624
-0.82360536	5.363012	7.144298	1447394528644
-1.2449849	5.056554	7.431602	1447394528663
-1.3215994	5.056554	7.9104424	1447394528683
-1.3024458	5.209783	7.8529816	1447394528703
-1.4939818	4.903325	7.431602	1447394528724
-1.9536686	4.711789	7.795521	1447394528743
-2.27928	4.6926355	8.1402855	1447394528770
-2.1452048	4.654328	8.0445175	1447394528783
-1.8195933	4.5777135	7.929596	1447394528803
-2.087744	4.6160207	7.699753	1447394528823
-2.1068976	4.3478703	7.7189064	1447394528844
-2.1643584	4.098873	7.9104424	1447394528863
-2.3558946	3.8881836	8.082825	1447394528883
-2.2218192	3.6966474	8.580819	1447394528903
-2.2218192	3.7541082	8.485051	1447394528923
-2.1452048	3.6966474	8.293514	1447394528943
-2.5091233	3.6583402	8.542512	1447394528968
-2.4708161	3.7732618	8.772355	1447394528983
-2.3175871	3.8307228	8.63828	1447394529003
-2.0111294	3.7541082	8.925584	1447394529023
-2.030283	3.5434184	7.52737	1447394529043
-1.9153614	3.8881836	7.3549876	1447394529063
-1.5705963	4.309563	9.174581	1447394529084
-2.1260512	4.0222588	9.021352	1447394529103
-1.0534488	4.596867	8.772355	1447394529124
-1.5897499	4.4244847	9.461885	1447394529145
-1.9919758	4.405331	9.155427	1447394529165
-2.0685902	4.3861775	8.868123	1447394529183
