6.588843	1.7621324	13.311762	1447392951906
4.0797195	0.7469909	8.810662	1447392951945
3.7541082	1.091756	9.404425	1447392951946
3.5625722	1.9153614	9.32781	1447392951966
3.5625722	1.7812861	9.481039	1447392951990
3.9456444	1.2066777	9.097966	1447392952005
4.0797195	0.91937345	9.097966	1447392952025
4.2521024	1.0151415	9.11712	1447392952046
3.9839516	1.1683705	9.251195	1447392952065
4.003105	1.340753	9.385271	1447392952085
4.213795	1.1492168	9.078813	1447392952105
4.8841715	0.5554548	8.485051	1447392952126
4.405331	1.0151415	9.097966	1447392952146
4.0797195	1.532289	8.772355	1447392952166
3.9264908	1.3024458	8.791509	1447392952189
3.7541082	0.9959879	8.983045	1447392952205
4.807557	0.17238252	8.810662	1447392952225
4.6160207	0.842759	9.232041	1447392952254
3.964798	0.2873042	9.5385	1447392952268
3.8498764	-1.8770541	9.500193	1447392952285
4.003105	-2.1643584	9.155427	1447392952305
3.4859576	0.05746084	8.695741	1447392952325
4.654328	1.3982137	9.308656	1447392952347
4.8267107	2.6623523	10.01734	1447392952365
4.003105	-0.59376204	8.887277	1447392952385
3.6008794	0.17238252	9.902418	1447392952405
1.2258313	1.0342951	8.925584	1447392952427
1.3982137	0.5746084	7.8912888	1447392952446
4.2904096	1.7621324	8.42759	1447392952468
4.3861775	3.083732	8.676587	1447392952486
3.9456444	0.91937345	10.342952	1447392952505
3.715801	2.2218192	8.331821	1447392952525
2.2218192	2.3175871	11.166556	1447392952545
1.8387469	2.3942018	7.8529816	1447392952565
2.0111294	1.3790601	10.936713	1447392952585
2.681506	2.585738	12.29662	1447392952605
1.3790601	3.6583402	8.580819	1447392952625
0.6703765	3.9264908	9.097966	1447392952645
1.2066777	4.175488	9.002198	1447392952665
1.0151415	1.9536686	9.557653	1447392952685
0.78529817	1.7046716	9.519346	1447392952705
1.7812861	2.7964275	9.002198	1447392952725
2.0111294	3.371036	9.768343	1447392952750
1.5897499	2.3750482	10.381259	1447392952765
1.934515	1.340753	9.576807	1447392952785
1.9153614	0.82360536	8.734048	1447392952810
1.4939818	1.9919758	8.599973	1447392952827
1.8195933	3.8498764	9.404425	1447392952850
2.087744	3.3518825	10.170568	1447392952865
2.2601264	2.1643584	9.921572	1447392952885
2.2984335	1.6472107	8.331821	1447392952905
1.7238252	3.4284968	7.680599	1447392952925
1.9919758	4.156334	8.561666	1447392952946
1.8004397	3.2752678	8.7532015	1447392952968
1.5897499	2.0111294	8.619126	1447392952986
0.9959879	1.7812861	9.615114	1447392953005
1.2066777	1.3599066	11.33894	1447392953027
1.8195933	0.842759	12.77546	1447392953045
1.3982137	1.283292	10.936713	1447392953065
0.82360536	0.59376204	9.864111	1447392953087
0.61291564	1.7046716	9.653421	1447392953105
1.5705963	0.5363012	10.43872	1447392953125
1.5131354	-0.9768343	8.695741	1447392953146
0.63206923	-1.9919758	9.097966	1447392953165
1.3982137	0.7278373	10.43872	1447392953185
1.3790601	0.59376204	9.959879	1447392953205
1.4939818	0.6512229	9.730036	1447392953227
1.5131354	0.78529817	10.113108	1447392953251
1.3790601	0.8810662	9.844957	1447392953269
1.3024458	0.8810662	9.730036	1447392953285
1.1492168	0.8619126	9.672575	1447392953305
1.1683705	0.78529817	9.710882	1447392953325
1.3024458	0.7086837	9.844957	1447392953345
1.436521	0.6703765	10.113108	1447392953368
1.5514427	0.59376204	9.902418	1447392953386
1.5131354	0.5746084	9.500193	1447392953405
1.436521	0.51714754	9.270349	1447392953425
1.436521	0.40222588	9.423578	1447392953445
1.6472107	0.32561144	10.01734	1447392953465
1.8387469	0.34476504	10.208876	1447392953485
1.8770541	0.38307226	10.055647	1447392953505
1.685518	0.40222588	9.730036	1447392953525
1.3982137	0.59376204	9.346964	1447392953545
1.3215994	0.6512229	9.3661175	1447392953565
1.3024458	0.5554548	9.557653	1447392953585
1.3790601	0.38307226	10.132261	1447392953605
1.4939818	0.34476504	10.208876	1447392953627
1.4939818	0.38307226	10.132261	1447392953645
1.4748282	0.4213795	9.902418	1447392953665
1.532289	0.38307226	9.691729	1447392953685
1.6280571	0.2873042	9.730036	1447392953705
1.6663644	0.2873042	9.80665	1447392953727
1.685518	0.24899697	9.864111	1447392953745
1.5897499	0.32561144	9.883265	1447392953765
1.5131354	0.34476504	9.844957	1447392953785
1.4748282	0.36391866	9.80665	1447392953805
1.4748282	0.38307226	9.80665	1447392953825
1.532289	0.34476504	9.787497	1447392953846
1.532289	0.30645782	9.787497	1447392953865
1.5705963	0.34476504	9.768343	1447392953902
1.5897499	0.36391866	9.730036	1447392953907
1.6089035	0.32561144	9.864111	1447392953925
1.6472107	0.2681506	9.902418	1447392953946
1.685518	0.2681506	9.921572	1447392953966
1.7238252	0.2681506	9.921572	1447392953986
1.685518	0.22984336	9.768343	1447392954005
1.685518	0.095768064	9.691729	1447392954027
1.685518	0.038307227	9.634268	1447392954053
1.6472107	0.076614454	9.672575	1447392954065
1.5897499	0.2681506	9.864111	1447392954085
1.5705963	0.34476504	9.940725	1447392954105
1.5514427	0.40222588	9.921572	1447392954126
1.4939818	0.38307226	9.749189	1447392954146
1.4939818	0.38307226	9.653421	1447392954165
1.4748282	0.38307226	9.691729	1447392954185
1.4556746	0.40222588	9.749189	1447392954205
1.3982137	0.38307226	9.825804	1447392954225
1.3982137	0.32561144	9.844957	1447392954248
1.3982137	0.2873042	9.787497	1447392954265
1.4173675	0.2681506	9.749189	1447392954285
1.532289	0.22984336	9.730036	1447392954305
1.6089035	0.22984336	9.749189	1447392954326
1.6663644	0.2681506	9.80665	1447392954346
1.7046716	0.2873042	9.864111	1447392954365
1.685518	0.32561144	9.787497	1447392954385
1.6663644	0.32561144	9.768343	1447392954405
1.6663644	0.36391866	9.768343	1447392954427
1.685518	0.34476504	9.787497	1447392954445
1.6663644	0.32561144	9.787497	1447392954465
1.6472107	0.30645782	9.768343	1447392954485
1.6472107	0.2681506	9.787497	1447392954505
1.6280571	0.24899697	9.787497	1447392954526
1.6089035	0.24899697	9.787497	1447392954545
1.5897499	0.21068975	9.787497	1447392954565
1.5705963	0.24899697	9.844957	1447392954585
1.5705963	0.30645782	9.825804	1447392954605
1.5705963	0.34476504	9.787497	1447392954625
1.5705963	0.34476504	9.768343	1447392954645
1.5514427	0.32561144	9.749189	1447392954665
1.5705963	0.32561144	9.768343	1447392954685
1.5514427	0.2873042	9.787497	1447392954705
1.5705963	0.2873042	9.768343	1447392954725
1.5705963	0.2681506	9.749189	1447392954751
1.5705963	0.2873042	9.749189	1447392954765
1.5705963	0.2681506	9.768343	1447392954785
1.5705963	0.2873042	9.80665	1447392954805
1.5705963	0.2873042	9.825804	1447392954825
1.5705963	0.32561144	9.825804	1447392954845
1.5705963	0.34476504	9.80665	1447392954865
1.5705963	0.32561144	9.787497	1447392954885
1.5705963	0.32561144	9.768343	1447392954905
1.6089035	0.32561144	9.749189	1447392954925
1.5897499	0.30645782	9.787497	1447392954945
1.5897499	0.30645782	9.80665	1447392954965
1.5897499	0.30645782	9.80665	1447392954985
1.6089035	0.2873042	9.768343	1447392955005
1.6089035	0.2873042	9.749189	1447392955025
1.5897499	0.2873042	9.749189	1447392955045
1.5897499	0.2873042	9.787497	1447392955065
1.5897499	0.2681506	9.80665	1447392955085
1.5897499	0.2681506	9.80665	1447392955105
1.5897499	0.2873042	9.787497	1447392955125
1.5705963	0.2681506	9.749189	1447392955145
1.5705963	0.2873042	9.768343	1447392955165
1.5705963	0.2873042	9.768343	1447392955185
1.5705963	0.30645782	9.80665	1447392955205
1.5514427	0.30645782	9.80665	1447392955226
1.5514427	0.30645782	9.80665	1447392955245
1.5514427	0.30645782	9.825804	1447392955265
1.5705963	0.32561144	9.80665	1447392955285
1.5897499	0.30645782	9.768343	1447392955305
1.6089035	0.2681506	9.787497	1447392955325
1.6280571	0.2681506	9.80665	1447392955345
1.6472107	0.2681506	9.80665	1447392955365
1.6280571	0.22984336	9.787497	1447392955385
1.6089035	0.21068975	9.768343	1447392955405
1.6089035	0.22984336	9.768343	1447392955426
1.6089035	0.21068975	9.768343	1447392955445
1.5897499	0.2681506	9.787497	1447392955465
1.5705963	0.2681506	9.768343	1447392955485
1.5705963	0.2681506	9.768343	1447392955505
1.5705963	0.30645782	9.80665	1447392955525
1.5705963	0.30645782	9.80665	1447392955545
1.5897499	0.30645782	9.80665	1447392955565
1.5705963	0.30645782	9.787497	1447392955585
1.5897499	0.2681506	9.768343	1447392955605
1.5897499	0.2681506	9.749189	1447392955625
1.5897499	0.2873042	9.787497	1447392955645
1.5897499	0.2681506	9.80665	1447392955668
1.5705963	0.2681506	9.787497	1447392955686
1.5705963	0.2681506	9.787497	1447392955705
1.5705963	0.2873042	9.768343	1447392955725
1.5897499	0.2873042	9.768343	1447392955745
1.5705963	0.2873042	9.787497	1447392955765
1.5897499	0.2873042	9.80665	1447392955785
1.5705963	0.2873042	9.787497	1447392955805
1.5705963	0.2873042	9.787497	1447392955825
1.5897499	0.2681506	9.787497	1447392955845
1.6089035	0.2681506	9.787497	1447392955865
1.6089035	0.2681506	9.787497	1447392955885
1.6089035	0.2873042	9.787497	1447392955905
1.5897499	0.2681506	9.787497	1447392955925
1.5897499	0.2681506	9.787497	1447392955945
1.5705963	0.2873042	9.787497	1447392955965
1.5705963	0.30645782	9.768343	1447392955986
1.5705963	0.2681506	9.768343	1447392956005
1.5897499	0.2681506	9.787497	1447392956025
1.5897499	0.2873042	9.787497	1447392956045
1.5897499	0.2681506	9.787497	1447392956065
1.5705963	0.2873042	9.787497	1447392956086
1.5897499	0.2873042	9.787497	1447392956105
1.5897499	0.2873042	9.787497	1447392956125
1.6089035	0.2681506	9.787497	1447392956145
1.6089035	0.2873042	9.787497	1447392956168
1.6089035	0.2873042	9.787497	1447392956185
1.5897499	0.2873042	9.768343	1447392956205
1.5897499	0.24899697	9.787497	1447392956225
1.5897499	0.2873042	9.825804	1447392956245
1.5897499	0.2873042	9.80665	1447392956265
1.5897499	0.2873042	9.80665	1447392956286
1.5897499	0.2681506	9.787497	1447392956305
1.5897499	0.2681506	9.768343	1447392956325
1.5897499	0.2873042	9.787497	1447392956345
1.5897499	0.2873042	9.787497	1447392956365
1.5705963	0.2681506	9.80665	1447392956385
1.5897499	0.2681506	9.768343	1447392956405
1.5897499	0.2681506	9.768343	1447392956426
1.5897499	0.2873042	9.768343	1447392956445
1.5705963	0.2681506	9.787497	1447392956465
1.5705963	0.2681506	9.787497	1447392956485
1.5514427	0.2873042	9.768343	1447392956505
1.5514427	0.2873042	9.768343	1447392956525
1.5705963	0.2681506	9.787497	1447392956545
1.5897499	0.2681506	9.787497	1447392956568
1.6089035	0.2681506	9.80665	1447392956585
1.6089035	0.2681506	9.80665	1447392956605
1.6089035	0.2681506	9.80665	1447392956625
1.5897499	0.2681506	9.80665	1447392956645
1.6089035	0.2681506	9.80665	1447392956665
1.5897499	0.2681506	9.787497	1447392956685
1.5897499	0.2873042	9.787497	1447392956705
1.5897499	0.2681506	9.787497	1447392956725
1.5897499	0.24899697	9.787497	1447392956745
1.5897499	0.24899697	9.787497	1447392956765
1.5897499	0.2873042	9.80665	1447392956786
1.5897499	0.2873042	9.825804	1447392956806
1.5897499	0.2873042	9.80665	1447392956827
1.5897499	0.2873042	9.787497	1447392956847
1.5897499	0.2873042	9.768343	1447392956875
1.5705963	0.2681506	9.787497	1447392956885
1.5705963	0.2681506	9.787497	1447392956907
1.5514427	0.2681506	9.749189	1447392956925
1.5514427	0.24899697	9.730036	1447392956945
1.5705963	0.22984336	9.768343	1447392956965
1.5897499	0.2681506	9.844957	1447392956985
1.5897499	0.2681506	9.825804	1447392957005
1.5705963	0.2681506	9.80665	1447392957025
1.5705963	0.2873042	9.768343	1447392957045
1.5705963	0.2873042	9.768343	1447392957065
1.6089035	0.2681506	9.768343	1447392957085
1.5897499	0.2681506	9.80665	1447392957105
1.5897499	0.2681506	9.787497	1447392957126
1.5897499	0.2681506	9.787497	1447392957145
1.5897499	0.2681506	9.787497	1447392957165
1.6089035	0.24899697	9.80665	1447392957185
1.6089035	0.2681506	9.80665	1447392957205
1.5897499	0.2681506	9.768343	1447392957225
1.5897499	0.2681506	9.768343	1447392957245
1.5705963	0.2681506	9.787497	1447392957265
1.5705963	0.24899697	9.787497	1447392957285
1.5705963	0.2681506	9.80665	1447392957305
1.5705963	0.24899697	9.787497	1447392957325
1.5897499	0.2681506	9.787497	1447392957345
1.5897499	0.2681506	9.787497	1447392957365
1.5897499	0.2681506	9.80665	1447392957385
1.5705963	0.2681506	9.787497	1447392957405
1.5705963	0.24899697	9.80665	1447392957425
1.5897499	0.2681506	9.787497	1447392957445
1.5705963	0.2681506	9.787497	1447392957465
1.5897499	0.2873042	9.787497	1447392957485
1.5705963	0.2681506	9.768343	1447392957505
1.5897499	0.24899697	9.80665	1447392957525
1.5897499	0.2681506	9.787497	1447392957545
1.5897499	0.2873042	9.80665	1447392957565
1.5897499	0.2873042	9.80665	1447392957585
1.5897499	0.24899697	9.787497	1447392957605
1.5897499	0.2681506	9.787497	1447392957625
1.5897499	0.24899697	9.768343	1447392957645
1.5897499	0.24899697	9.768343	1447392957665
1.5705963	0.2681506	9.768343	1447392957685
1.5897499	0.22984336	9.787497	1447392957705
1.5705963	0.2681506	9.787497	1447392957725
1.5705963	0.2681506	9.787497	1447392957745
1.5897499	0.2873042	9.844957	1447392957768
1.6089035	0.30645782	9.825804	1447392957785
1.5897499	0.2873042	9.825804	1447392957805
1.5705963	0.2873042	9.80665	1447392957825
1.5897499	0.24899697	9.749189	1447392957845
1.6089035	0.24899697	9.730036	1447392957865
1.5897499	0.2681506	9.730036	1447392957886
1.5705963	0.24899697	9.787497	1447392957905
1.5705963	0.24899697	9.787497	1447392957925
1.5514427	0.24899697	9.80665	1447392957945
1.5705963	0.2681506	9.787497	1447392957965
1.5897499	0.2681506	9.787497	1447392957985
1.5897499	0.24899697	9.768343	1447392958005
1.5897499	0.2681506	9.768343	1447392958025
1.5897499	0.2681506	9.787497	1447392958045
1.5897499	0.2681506	9.787497	1447392958068
1.6089035	0.24899697	9.80665	1447392958085
1.6089035	0.24899697	9.787497	1447392958105
1.5897499	0.2681506	9.825804	1447392958125
1.5705963	0.2873042	9.768343	1447392958145
1.5705963	0.2873042	9.768343	1447392958165
1.5705963	0.2681506	9.787497	1447392958185
1.5705963	0.2681506	9.768343	1447392958205
1.5897499	0.22984336	9.80665	1447392958225
1.5897499	0.24899697	9.80665	1447392958245
1.5705963	0.24899697	9.80665	1447392958268
1.5705963	0.2681506	9.787497	1447392958286
1.5897499	0.24899697	9.787497	1447392958305
1.5897499	0.2681506	9.787497	1447392958325
1.5897499	0.2873042	9.787497	1447392958345
1.5897499	0.2681506	9.787497	1447392958365
1.5897499	0.2681506	9.787497	1447392958385
1.5897499	0.2681506	9.787497	1447392958405
1.5705963	0.2681506	9.80665	1447392958425
1.5705963	0.24899697	9.787497	1447392958445
1.5705963	0.24899697	9.787497	1447392958466
1.5705963	0.24899697	9.787497	1447392958485
1.5705963	0.24899697	9.787497	1447392958505
1.6089035	0.24899697	9.80665	1447392958526
1.6089035	0.2681506	9.787497	1447392958545
1.5897499	0.2681506	9.768343	1447392958569
1.5705963	0.2681506	9.768343	1447392958585
1.5705963	0.2681506	9.844957	1447392958605
1.5897499	0.2681506	9.844957	1447392958625
1.5897499	0.2681506	9.825804	1447392958645
1.5897499	0.2681506	9.80665	1447392958668
1.5897499	0.24899697	9.749189	1447392958685
1.5897499	0.2681506	9.768343	1447392958705
1.5897499	0.24899697	9.80665	1447392958725
1.5897499	0.2681506	9.80665	1447392958745
1.5514427	0.2873042	9.768343	1447392958765
1.5514427	0.2873042	9.749189	1447392958786
1.5705963	0.2681506	9.749189	1447392958805
1.5705963	0.24899697	9.749189	1447392958825
1.5705963	0.24899697	9.787497	1447392958845
1.5705963	0.2873042	9.80665	1447392958865
1.5897499	0.2873042	9.80665	1447392958885
1.6089035	0.2681506	9.825804	1447392958905
1.6280571	0.2873042	9.80665	1447392958925
1.6472107	0.2873042	9.787497	1447392958945
1.6472107	0.2873042	9.749189	1447392958965
1.6280571	0.24899697	9.768343	1447392958985
1.5897499	0.24899697	9.768343	1447392959005
1.5705963	0.22984336	9.80665	1447392959025
1.5514427	0.24899697	9.80665	1447392959045
1.532289	0.2681506	9.768343	1447392959065
1.532289	0.2681506	9.768343	1447392959085
1.5514427	0.2681506	9.80665	1447392959105
1.5705963	0.2873042	9.80665	1447392959125
1.5705963	0.2681506	9.787497	1447392959147
1.5897499	0.2873042	9.787497	1447392959165
1.5705963	0.2873042	9.787497	1447392959185
1.5897499	0.2681506	9.768343	1447392959205
1.5897499	0.2681506	9.80665	1447392959226
1.5897499	0.2681506	9.787497	1447392959245
1.5897499	0.24899697	9.80665	1447392959265
1.5897499	0.2873042	9.80665	1447392959285
1.5897499	0.24899697	9.787497	1447392959305
1.5705963	0.2681506	9.768343	1447392959325
1.5897499	0.24899697	9.787497	1447392959345
1.5897499	0.24899697	9.80665	1447392959365
1.5897499	0.2681506	9.787497	1447392959385
1.5705963	0.24899697	9.787497	1447392959405
1.5705963	0.2681506	9.80665	1447392959425
1.5705963	0.2873042	9.80665	1447392959447
1.5705963	0.2873042	9.825804	1447392959469
1.5705963	0.2873042	9.825804	1447392959485
1.5705963	0.2681506	9.768343	1447392959505
1.5897499	0.2681506	9.749189	1447392959525
1.5897499	0.24899697	9.768343	1447392959545
1.6089035	0.24899697	9.787497	1447392959569
1.5897499	0.24899697	9.768343	1447392959585
1.5705963	0.24899697	9.80665	1447392959605
1.5897499	0.2681506	9.825804	1447392959625
1.5897499	0.2681506	9.825804	1447392959645
1.5705963	0.2873042	9.787497	1447392959665
1.5897499	0.2681506	9.730036	1447392959685
1.5897499	0.2873042	9.710882	1447392959705
1.5897499	0.2681506	9.749189	1447392959726
1.6089035	0.24899697	9.787497	1447392959745
1.5897499	0.22984336	9.825804	1447392959768
1.5514427	0.24899697	9.80665	1447392959785
1.5705963	0.24899697	9.787497	1447392959805
1.5705963	0.2681506	9.80665	1447392959826
1.5705963	0.2681506	9.80665	1447392959845
1.5897499	0.2873042	9.80665	1447392959865
1.5897499	0.2681506	9.825804	1447392959885
1.5897499	0.24899697	9.787497	1447392959905
1.5897499	0.24899697	9.787497	1447392959925
1.5897499	0.24899697	9.787497	1447392959945
1.5897499	0.24899697	9.768343	1447392959965
1.5897499	0.24899697	9.787497	1447392959985
1.5897499	0.22984336	9.787497	1447392960005
1.5705963	0.24899697	9.787497	1447392960027
1.5514427	0.2681506	9.787497	1447392960048
1.5705963	0.2681506	9.787497	1447392960065
1.5705963	0.2681506	9.787497	1447392960085
1.5705963	0.2681506	9.80665	1447392960105
1.5705963	0.2681506	9.80665	1447392960125
1.5897499	0.2681506	9.768343	1447392960151
1.6089035	0.2681506	9.787497	1447392960165
1.6089035	0.2681506	9.787497	1447392960185
1.6089035	0.22984336	9.80665	1447392960205
1.5897499	0.22984336	9.787497	1447392960225
1.5897499	0.21068975	9.787497	1447392960245
1.5705963	0.24899697	9.787497	1447392960270
1.5514427	0.2681506	9.787497	1447392960286
1.5514427	0.2681506	9.787497	1447392960305
1.5705963	0.24899697	9.787497	1447392960325
1.5705963	0.24899697	9.787497	1447392960345
1.5897499	0.24899697	9.825804	1447392960365
1.5897499	0.2681506	9.787497	1447392960385
1.5897499	0.24899697	9.768343	1447392960405
1.5897499	0.24899697	9.749189	1447392960425
1.5705963	0.2681506	9.787497	1447392960445
1.5705963	0.2681506	9.80665	1447392960465
1.5705963	0.2681506	9.80665	1447392960485
1.5514427	0.2681506	9.787497	1447392960505
1.5705963	0.2681506	9.787497	1447392960525
1.5705963	0.2681506	9.787497	1447392960545
1.6089035	0.2681506	9.787497	1447392960565
1.5897499	0.24899697	9.787497	1447392960585
1.6089035	0.2681506	9.768343	1447392960605
1.5897499	0.2873042	9.787497	1447392960625
1.5897499	0.24899697	9.825804	1447392960645
1.5897499	0.2681506	9.80665	1447392960665
1.5897499	0.22984336	9.825804	1447392960686
1.6089035	0.2681506	9.825804	1447392960705
1.5897499	0.2681506	9.80665	1447392960725
1.5705963	0.24899697	9.749189	1447392960745
1.5897499	0.2681506	9.730036	1447392960765
1.6089035	0.22984336	9.768343	1447392960786
1.6089035	0.22984336	9.80665	1447392960805
1.5705963	0.2681506	9.825804	1447392960825
1.532289	0.2681506	9.787497	1447392960845
1.5514427	0.24899697	9.749189	1447392960865
1.5514427	0.24899697	9.749189	1447392960885
1.5514427	0.24899697	9.787497	1447392960905
1.5705963	0.24899697	9.768343	1447392960925
1.5897499	0.22984336	9.787497	1447392960945
1.5897499	0.24899697	9.787497	1447392960965
1.6280571	0.24899697	9.825804	1447392960985
1.6089035	0.2681506	9.825804	1447392961005
1.6089035	0.2873042	9.80665	1447392961025
1.5705963	0.2681506	9.787497	1447392961045
1.5705963	0.2681506	9.768343	1447392961065
1.5514427	0.24899697	9.768343	1447392961086
1.5514427	0.24899697	9.787497	1447392961105
1.5705963	0.24899697	9.787497	1447392961126
1.5897499	0.24899697	9.80665	1447392961147
1.5897499	0.2681506	9.80665	1447392961165
1.6089035	0.2873042	9.80665	1447392961185
1.5705963	0.2681506	9.768343	1447392961205
1.5705963	0.24899697	9.787497	1447392961225
1.5514427	0.24899697	9.825804	1447392961245
1.5897499	0.24899697	9.825804	1447392961268
1.5897499	0.2681506	9.825804	1447392961285
1.5897499	0.2681506	9.768343	1447392961305
1.6089035	0.24899697	9.768343	1447392961325
1.6280571	0.24899697	9.749189	1447392961345
1.6280571	0.2681506	9.768343	1447392961365
1.6280571	0.2681506	9.80665	1447392961386
1.5897499	0.24899697	9.80665	1447392961405
1.5705963	0.24899697	9.80665	1447392961425
1.5705963	0.2873042	9.787497	1447392961445
1.5705963	0.2681506	9.768343	1447392961465
1.5514427	0.2681506	9.80665	1447392961486
1.5705963	0.2681506	9.787497	1447392961505
1.5514427	0.2681506	9.787497	1447392961525
1.5897499	0.2681506	9.787497	1447392961545
1.5705963	0.24899697	9.80665	1447392961569
1.5897499	0.24899697	9.80665	1447392961585
1.5897499	0.24899697	9.80665	1447392961605
1.5897499	0.2681506	9.787497	1447392961625
1.5897499	0.2681506	9.787497	1447392961645
1.5705963	0.24899697	9.787497	1447392961667
1.5705963	0.2681506	9.787497	1447392961685
1.5514427	0.2681506	9.787497	1447392961705
1.5705963	0.24899697	9.768343	1447392961725
1.5705963	0.24899697	9.787497	1447392961745
1.5897499	0.24899697	9.787497	1447392961765
1.6089035	0.24899697	9.787497	1447392961785
1.5897499	0.24899697	9.787497	1447392961805
1.6089035	0.24899697	9.80665	1447392961825
1.6089035	0.24899697	9.80665	1447392961845
1.6089035	0.2681506	9.787497	1447392961865
1.5897499	0.2681506	9.768343	1447392961885
1.6089035	0.2681506	9.787497	1447392961905
1.5897499	0.2873042	9.787497	1447392961925
1.5705963	0.2681506	9.80665	1447392961945
1.5705963	0.2681506	9.787497	1447392961965
1.5705963	0.24899697	9.80665	1447392961985
1.5705963	0.24899697	9.787497	1447392962005
1.5705963	0.2681506	9.787497	1447392962025
1.5514427	0.2873042	9.787497	1447392962045
1.5514427	0.2681506	9.768343	1447392962065
1.5514427	0.22984336	9.787497	1447392962085
1.5705963	0.24899697	9.80665	1447392962105
1.5705963	0.24899697	9.80665	1447392962125
1.5705963	0.2681506	9.80665	1447392962146
1.5897499	0.2681506	9.787497	1447392962165
1.6089035	0.24899697	9.768343	1447392962185
1.6089035	0.24899697	9.787497	1447392962205
1.6089035	0.24899697	9.80665	1447392962225
1.5897499	0.24899697	9.80665	1447392962245
1.5897499	0.24899697	9.768343	1447392962265
1.5897499	0.22984336	9.80665	1447392962286
1.5705963	0.24899697	9.80665	1447392962305
1.5705963	0.22984336	9.80665	1447392962325
1.5897499	0.24899697	9.768343	1447392962345
1.5897499	0.2681506	9.787497	1447392962365
1.5897499	0.2681506	9.80665	1447392962385
1.5897499	0.2681506	9.844957	1447392962405
1.6089035	0.2873042	9.844957	1447392962425
1.5897499	0.2681506	9.787497	1447392962445
1.5514427	0.2681506	9.730036	1447392962465
1.5705963	0.24899697	9.749189	1447392962486
1.5705963	0.22984336	9.749189	1447392962505
1.5514427	0.22984336	9.768343	1447392962525
1.5514427	0.22984336	9.787497	1447392962545
1.5705963	0.24899697	9.80665	1447392962565
1.5705963	0.2681506	9.825804	1447392962586
1.5705963	0.30645782	9.80665	1447392962605
1.5897499	0.2681506	9.787497	1447392962625
1.5897499	0.2681506	9.80665	1447392962645
1.6280571	0.2681506	9.80665	1447392962665
1.6472107	0.24899697	9.80665	1447392962685
1.6472107	0.22984336	9.787497	1447392962705
1.6280571	0.22984336	9.749189	1447392962725
1.6089035	0.22984336	9.768343	1447392962745
1.6089035	0.24899697	9.787497	1447392962765
1.5897499	0.24899697	9.787497	1447392962785
1.5705963	0.24899697	9.825804	1447392962805
1.5705963	0.24899697	9.80665	1447392962826
1.5514427	0.24899697	9.787497	1447392962853
1.5514427	0.2681506	9.787497	1447392962865
1.5514427	0.24899697	9.80665	1447392962885
1.532289	0.24899697	9.787497	1447392962905
1.532289	0.24899697	9.768343	1447392962925
1.532289	0.24899697	9.787497	1447392962945
1.5705963	0.2681506	9.787497	1447392962965
1.5705963	0.24899697	9.787497	1447392962985
1.5897499	0.24899697	9.787497	1447392963005
1.6089035	0.22984336	9.80665	1447392963025
1.6280571	0.22984336	9.80665	1447392963045
1.6280571	0.24899697	9.787497	1447392963065
1.6280571	0.24899697	9.787497	1447392963085
1.5897499	0.24899697	9.768343	1447392963105
1.5897499	0.2681506	9.787497	1447392963126
1.5705963	0.2681506	9.80665	1447392963145
1.5705963	0.2681506	9.80665	1447392963165
1.5705963	0.24899697	9.80665	1447392963185
1.5705963	0.2681506	9.768343	1447392963205
1.5514427	0.2681506	9.768343	1447392963226
1.5514427	0.22984336	9.787497	1447392963245
1.5514427	0.22984336	9.787497	1447392963265
1.5705963	0.22984336	9.80665	1447392963285
1.5705963	0.24899697	9.787497	1447392963305
1.5897499	0.24899697	9.768343	1447392963325
1.5897499	0.24899697	9.787497	1447392963345
1.5897499	0.24899697	9.80665	1447392963365
1.6089035	0.24899697	9.80665	1447392963385
1.5897499	0.2873042	9.787497	1447392963405
1.5897499	0.2681506	9.80665	1447392963425
1.5705963	0.2681506	9.80665	1447392963445
1.5705963	0.2681506	9.787497	1447392963465
1.5705963	0.2681506	9.768343	1447392963485
1.5897499	0.24899697	9.749189	1447392963505
1.5897499	0.22984336	9.80665	1447392963526
1.5897499	0.24899697	9.80665	1447392963545
1.5705963	0.22984336	9.80665	1447392963567
1.5514427	0.24899697	9.749189	1447392963585
1.5705963	0.24899697	9.768343	1447392963605
1.5705963	0.24899697	9.787497	1447392963626
1.5705963	0.24899697	9.787497	1447392963645
1.5705963	0.22984336	9.80665	1447392963669
1.5897499	0.24899697	9.80665	1447392963685
1.5897499	0.24899697	9.825804	1447392963705
1.5897499	0.2681506	9.825804	1447392963725
1.6089035	0.2681506	9.787497	1447392963745
1.5897499	0.24899697	9.787497	1447392963765
1.5897499	0.24899697	9.787497	1447392963785
1.5897499	0.24899697	9.825804	1447392963805
1.5514427	0.22984336	9.80665	1447392963825
1.5514427	0.24899697	9.80665	1447392963845
1.532289	0.2681506	9.768343	1447392963866
1.5514427	0.22984336	9.768343	1447392963885
1.5705963	0.24899697	9.768343	1447392963905
1.5705963	0.2681506	9.787497	1447392963925
1.5897499	0.24899697	9.80665	1447392963945
1.5897499	0.24899697	9.787497	1447392963965
1.6089035	0.2681506	9.787497	1447392963985
1.6089035	0.24899697	9.80665	1447392964005
1.6089035	0.24899697	9.80665	1447392964026
1.6089035	0.2681506	9.787497	1447392964045
1.6089035	0.2873042	9.787497	1447392964065
1.5897499	0.2681506	9.80665	1447392964085
1.5897499	0.22984336	9.80665	1447392964105
1.5705963	0.24899697	9.80665	1447392964126
1.5705963	0.24899697	9.787497	1447392964153
1.5897499	0.24899697	9.787497	1447392964166
1.5705963	0.24899697	9.80665	1447392964185
1.5514427	0.24899697	9.787497	1447392964205
1.5705963	0.24899697	9.787497	1447392964226
1.5705963	0.24899697	9.787497	1447392964245
1.5705963	0.24899697	9.80665	1447392964265
1.5705963	0.2873042	9.80665	1447392964286
1.5705963	0.24899697	9.787497	1447392964305
1.5705963	0.24899697	9.768343	1447392964326
1.5897499	0.2681506	9.787497	1447392964345
1.5897499	0.2681506	9.80665	1447392964365
1.5897499	0.24899697	9.787497	1447392964386
1.5897499	0.22984336	9.787497	1447392964405
1.6089035	0.24899697	9.787497	1447392964426
1.5897499	0.2681506	9.787497	1447392964445
1.5514427	0.2681506	9.80665	1447392964465
1.5514427	0.24899697	9.787497	1447392964485
1.5514427	0.24899697	9.787497	1447392964505
1.5514427	0.2681506	9.80665	1447392964525
1.5705963	0.24899697	9.787497	1447392964545
1.5897499	0.24899697	9.80665	1447392964565
1.5897499	0.24899697	9.787497	1447392964585
1.5897499	0.22984336	9.768343	1447392964605
1.5897499	0.22984336	9.80665	1447392964626
1.6089035	0.24899697	9.80665	1447392964645
1.5897499	0.22984336	9.80665	1447392964667
1.5705963	0.24899697	9.80665	1447392964685
1.5705963	0.2681506	9.768343	1447392964705
1.5897499	0.2681506	9.768343	1447392964725
1.5705963	0.2681506	9.768343	1447392964750
1.5705963	0.2681506	9.787497	1447392964765
1.5514427	0.2681506	9.787497	1447392964785
1.5514427	0.2681506	9.787497	1447392964805
1.5514427	0.24899697	9.787497	1447392964825
1.5514427	0.2681506	9.787497	1447392964845
1.5705963	0.24899697	9.787497	1447392964865
1.5705963	0.22984336	9.787497	1447392964885
1.5897499	0.24899697	9.80665	1447392964905
1.5897499	0.24899697	9.80665	1447392964925
1.6089035	0.2873042	9.825804	1447392964945
1.5897499	0.2873042	9.825804	1447392964965
1.6089035	0.2681506	9.80665	1447392964986
1.6280571	0.2681506	9.80665	1447392965005
1.6280571	0.24899697	9.787497	1447392965026
1.5897499	0.22984336	9.768343	1447392965045
1.5897499	0.21068975	9.768343	1447392965065
1.5705963	0.21068975	9.768343	1447392965086
1.5705963	0.22984336	9.787497	1447392965105
1.532289	0.2681506	9.80665	1447392965125
1.532289	0.2681506	9.80665	1447392965145
1.5514427	0.2681506	9.787497	1447392965165
1.5705963	0.2681506	9.768343	1447392965185
1.5705963	0.2873042	9.80665	1447392965205
1.5705963	0.2681506	9.80665	1447392965226
1.5705963	0.22984336	9.787497	1447392965245
1.5897499	0.24899697	9.787497	1447392965269
1.5897499	0.24899697	9.787497	1447392965285
1.5705963	0.24899697	9.787497	1447392965305
1.5897499	0.24899697	9.787497	1447392965326
1.5897499	0.22984336	9.787497	1447392965345
1.6089035	0.24899697	9.787497	1447392965365
1.6089035	0.24899697	9.80665	1447392965385
1.5897499	0.24899697	9.825804	1447392965405
1.5705963	0.24899697	9.80665	1447392965426
1.5705963	0.24899697	9.787497	1447392965445
1.5705963	0.2681506	9.787497	1447392965465
1.5705963	0.2681506	9.768343	1447392965485
1.5514427	0.22984336	9.787497	1447392965505
1.5897499	0.22984336	9.80665	1447392965525
1.5897499	0.24899697	9.844957	1447392965545
1.5897499	0.24899697	9.844957	1447392965565
1.5705963	0.2681506	9.749189	1447392965585
1.5705963	0.24899697	9.749189	1447392965605
1.5705963	0.22984336	9.768343	1447392965625
1.5897499	0.22984336	9.768343	1447392965645
1.6089035	0.22984336	9.80665	1447392965665
1.5897499	0.2681506	9.80665	1447392965685
1.6280571	0.24899697	9.80665	1447392965705
1.6280571	0.22984336	9.787497	1447392965725
1.5897499	0.24899697	9.787497	1447392965745
1.5897499	0.22984336	9.787497	1447392965765
1.5514427	0.22984336	9.787497	1447392965785
1.532289	0.22984336	9.768343	1447392965805
1.532289	0.2681506	9.787497	1447392965826
1.532289	0.24899697	9.80665	1447392965845
1.532289	0.2681506	9.80665	1447392965867
1.5514427	0.2873042	9.825804	1447392965885
1.5897499	0.2681506	9.787497	1447392965905
1.5897499	0.2681506	9.768343	1447392965925
1.5897499	0.24899697	9.787497	1447392965945
1.5897499	0.21068975	9.768343	1447392965971
1.5897499	0.21068975	9.768343	1447392965985
1.5897499	0.22984336	9.80665	1447392966005
1.6089035	0.22984336	9.80665	1447392966025
1.5897499	0.2681506	9.787497	1447392966045
1.5897499	0.24899697	9.787497	1447392966065
1.5897499	0.2681506	9.768343	1447392966085
1.5897499	0.2681506	9.787497	1447392966105
1.5705963	0.24899697	9.787497	1447392966126
1.5514427	0.22984336	9.787497	1447392966146
1.5514427	0.24899697	9.825804	1447392966165
1.5514427	0.2681506	9.80665	1447392966186
1.5514427	0.24899697	9.80665	1447392966205
1.532289	0.2873042	9.80665	1447392966226
1.532289	0.2681506	9.768343	1447392966245
1.5514427	0.24899697	9.768343	1447392966265
1.5897499	0.22984336	9.768343	1447392966285
1.6089035	0.21068975	9.768343	1447392966305
1.6280571	0.22984336	9.80665	1447392966326
1.6089035	0.21068975	9.787497	1447392966345
1.5897499	0.22984336	9.80665	1447392966369
1.6089035	0.24899697	9.80665	1447392966386
1.6089035	0.2681506	9.80665	1447392966405
1.5897499	0.2681506	9.768343	1447392966425
1.5514427	0.2681506	9.787497	1447392966451
1.5514427	0.2681506	9.80665	1447392966465
1.5705963	0.2681506	9.825804	1447392966485
1.5897499	0.2681506	9.825804	1447392966505
1.5705963	0.24899697	9.787497	1447392966525
1.5705963	0.24899697	9.768343	1447392966545
1.5705963	0.22984336	9.768343	1447392966565
1.5705963	0.2681506	9.787497	1447392966585
1.5514427	0.24899697	9.787497	1447392966605
1.5514427	0.24899697	9.787497	1447392966626
1.5514427	0.24899697	9.787497	1447392966645
1.5897499	0.24899697	9.768343	1447392966669
1.5897499	0.24899697	9.80665	1447392966685
1.5897499	0.2681506	9.80665	1447392966705
1.6089035	0.24899697	9.787497	1447392966725
1.5705963	0.2681506	9.787497	1447392966745
1.5705963	0.2681506	9.80665	1447392966765
1.5705963	0.2681506	9.787497	1447392966785
1.5897499	0.22984336	9.80665	1447392966805
1.6089035	0.24899697	9.787497	1447392966826
1.5897499	0.2681506	9.80665	1447392966850
1.5897499	0.24899697	9.80665	1447392966872
1.5897499	0.24899697	9.787497	1447392966885
1.5705963	0.24899697	9.787497	1447392966905
1.5705963	0.24899697	9.768343	1447392966925
1.5705963	0.24899697	9.768343	1447392966947
1.5514427	0.24899697	9.787497	1447392966965
1.5705963	0.22984336	9.787497	1447392966985
1.5897499	0.2681506	9.80665	1447392967005
1.5705963	0.24899697	9.80665	1447392967026
1.5705963	0.2681506	9.787497	1447392967045
1.5705963	0.2873042	9.787497	1447392967065
1.5897499	0.2681506	9.787497	1447392967085
1.5897499	0.24899697	9.80665	1447392967105
1.5897499	0.24899697	9.80665	1447392967127
1.5705963	0.24899697	9.787497	1447392967151
1.5705963	0.24899697	9.787497	1447392967172
1.5897499	0.22984336	9.768343	1447392967185
1.5705963	0.22984336	9.787497	1447392967205
1.5897499	0.22984336	9.80665	1447392967227
1.5897499	0.22984336	9.825804	1447392967245
1.5897499	0.24899697	9.80665	1447392967265
1.5705963	0.2681506	9.768343	1447392967285
1.5705963	0.24899697	9.768343	1447392967305
1.5705963	0.24899697	9.768343	1447392967325
1.5705963	0.24899697	9.787497	1447392967350
1.5897499	0.24899697	9.825804	1447392967365
1.5705963	0.24899697	9.825804	1447392967385
1.5897499	0.2681506	9.825804	1447392967405
1.5897499	0.22984336	9.787497	1447392967426
1.5897499	0.22984336	9.787497	1447392967445
1.5897499	0.24899697	9.768343	1447392967467
1.5897499	0.24899697	9.787497	1447392967485
1.5705963	0.24899697	9.787497	1447392967505
1.5705963	0.2681506	9.768343	1447392967525
1.5897499	0.24899697	9.768343	1447392967545
1.5705963	0.24899697	9.787497	1447392967565
1.5897499	0.24899697	9.787497	1447392967585
1.5897499	0.24899697	9.768343	1447392967605
1.6089035	0.24899697	9.787497	1447392967625
1.6089035	0.2681506	9.768343	1447392967645
1.5705963	0.24899697	9.80665	1447392967668
1.5897499	0.24899697	9.80665	1447392967685
1.5897499	0.22984336	9.80665	1447392967705
1.5705963	0.24899697	9.80665	1447392967725
1.5897499	0.24899697	9.787497	1447392967745
1.5897499	0.24899697	9.787497	1447392967765
1.5897499	0.24899697	9.80665	1447392967785
1.5897499	0.24899697	9.80665	1447392967805
1.5705963	0.24899697	9.787497	1447392967825
1.5897499	0.24899697	9.787497	1447392967845
1.5897499	0.24899697	9.787497	1447392967868
1.5514427	0.24899697	9.768343	1447392967885
1.5514427	0.24899697	9.787497	1447392967905
1.532289	0.22984336	9.80665	1447392967925
1.5705963	0.22984336	9.80665	1447392967953
1.5897499	0.24899697	9.825804	1447392967965
1.5897499	0.2681506	9.80665	1447392967985
1.6089035	0.2681506	9.768343	1447392968005
1.6089035	0.24899697	9.787497	1447392968025
1.6089035	0.21068975	9.787497	1447392968045
1.6089035	0.21068975	9.787497	1447392968065
1.6089035	0.22984336	9.768343	1447392968085
1.6089035	0.22984336	9.768343	1447392968105
1.5897499	0.24899697	9.787497	1447392968126
1.5897499	0.2681506	9.80665	1447392968145
1.5897499	0.2873042	9.825804	1447392968165
1.5705963	0.24899697	9.844957	1447392968185
1.532289	0.21068975	9.768343	1447392968205
1.5131354	0.21068975	9.749189	1447392968225
1.5131354	0.24899697	9.768343	1447392968245
1.532289	0.22984336	9.787497	1447392968265
1.6089035	0.17238252	9.864111	1447392968285
1.6280571	0.19153613	9.864111	1447392968305
1.6280571	0.24899697	9.844957	1447392968325
1.532289	0.36391866	9.80665	1447392968345
1.532289	0.32561144	9.768343	1447392968365
1.532289	0.24899697	9.787497	1447392968385
1.532289	0.22984336	9.80665	1447392968405
1.5897499	0.22984336	9.768343	1447392968425
1.6089035	0.24899697	9.749189	1447392968445
1.5705963	0.2681506	9.749189	1447392968465
1.5705963	0.30645782	9.787497	1447392968485
1.6472107	0.32561144	9.787497	1447392968505
1.6663644	0.32561144	9.768343	1447392968525
1.6089035	0.2873042	9.749189	1447392968550
1.6089035	0.2873042	9.768343	1447392968565
1.532289	0.17238252	9.80665	1447392968585
1.5705963	0.19153613	9.768343	1447392968605
1.5897499	0.21068975	9.787497	1447392968625
1.6089035	0.22984336	9.768343	1447392968645
1.6280571	0.22984336	9.787497	1447392968665
1.6280571	0.24899697	9.787497	1447392968685
1.6472107	0.24899697	9.80665	1447392968705
1.6089035	0.2681506	9.768343	1447392968725
1.6089035	0.2873042	9.787497	1447392968745
1.6280571	0.2681506	9.80665	1447392968765
1.6472107	0.2681506	9.825804	1447392968786
1.6663644	0.24899697	9.787497	1447392968805
1.6472107	0.24899697	9.749189	1447392968825
1.6280571	0.24899697	9.787497	1447392968845
1.5897499	0.22984336	9.768343	1447392968869
1.6089035	0.21068975	9.768343	1447392968887
1.5897499	0.21068975	9.768343	1447392968905
1.5705963	0.22984336	9.768343	1447392968925
1.5514427	0.22984336	9.787497	1447392968945
1.5131354	0.24899697	9.787497	1447392968969
1.532289	0.2681506	9.787497	1447392968985
1.5131354	0.2873042	9.768343	1447392969005
1.5514427	0.2681506	9.787497	1447392969025
1.6280571	0.2873042	9.80665	1447392969045
1.685518	0.2873042	9.80665	1447392969065
1.7046716	0.30645782	9.768343	1447392969085
1.7238252	0.24899697	9.749189	1447392969105
1.7621324	0.17238252	9.787497	1447392969125
1.7046716	0.17238252	9.80665	1447392969145
1.6472107	0.19153613	9.825804	1447392969165
1.6089035	0.21068975	9.825804	1447392969186
1.532289	0.24899697	9.80665	1447392969205
1.5131354	0.2681506	9.768343	1447392969225
1.4939818	0.30645782	9.787497	1447392969245
1.4939818	0.2873042	9.768343	1447392969265
1.532289	0.2873042	9.787497	1447392969285
1.5705963	0.2681506	9.787497	1447392969305
1.6089035	0.24899697	9.787497	1447392969325
1.6663644	0.15322891	9.787497	1447392969349
1.6663644	0.17238252	9.787497	1447392969365
1.6280571	0.17238252	9.787497	1447392969385
1.6089035	0.19153613	9.787497	1447392969405
1.5705963	0.24899697	9.825804	1447392969425
1.5705963	0.24899697	9.825804	1447392969445
1.5514427	0.2873042	9.80665	1447392969465
1.5705963	0.2873042	9.787497	1447392969485
1.6089035	0.22984336	9.768343	1447392969505
1.6089035	0.19153613	9.787497	1447392969526
1.6089035	0.17238252	9.825804	1447392969545
1.6089035	0.19153613	9.80665	1447392969565
1.6089035	0.17238252	9.749189	1447392969587
1.6089035	0.19153613	9.768343	1447392969605
1.5897499	0.21068975	9.749189	1447392969626
1.5897499	0.22984336	9.730036	1447392969645
1.5514427	0.2681506	9.787497	1447392969665
1.5514427	0.24899697	9.80665	1447392969685
1.5514427	0.22984336	9.80665	1447392969705
1.5705963	0.22984336	9.825804	1447392969726
1.5705963	0.21068975	9.787497	1447392969745
1.5705963	0.22984336	9.80665	1447392969769
1.5705963	0.22984336	9.787497	1447392969785
1.532289	0.2681506	9.768343	1447392969805
1.532289	0.2681506	9.749189	1447392969825
1.532289	0.24899697	9.787497	1447392969845
1.532289	0.22984336	9.80665	1447392969865
1.5514427	0.21068975	9.787497	1447392969886
1.532289	0.19153613	9.730036	1447392969905
1.5705963	0.21068975	9.787497	1447392969926
1.5705963	0.22984336	9.825804	1447392969945
1.6472107	0.17238252	9.787497	1447392969965
1.7429788	0.095768064	9.730036	1447392969985
1.6472107	0.17238252	9.844957	1447392970005
1.6472107	0.24899697	9.825804	1447392970026
1.6089035	0.21068975	9.80665	1447392970045
1.5705963	0.21068975	9.825804	1447392970065
1.5514427	0.22984336	9.80665	1447392970085
1.5705963	0.22984336	9.825804	1447392970105
1.6089035	0.21068975	9.787497	1447392970126
1.5897499	0.21068975	9.749189	1447392970145
1.5705963	0.24899697	9.749189	1447392970170
1.5514427	0.24899697	9.768343	1447392970185
1.532289	0.22984336	9.825804	1447392970205
1.5514427	0.17238252	9.844957	1447392970226
1.4939818	0.22984336	9.749189	1447392970245
1.5514427	0.22984336	9.787497	1447392970268
1.5705963	0.21068975	9.768343	1447392970285
1.5705963	0.21068975	9.768343	1447392970305
1.5897499	0.21068975	9.787497	1447392970325
1.6089035	0.21068975	9.787497	1447392970345
1.6472107	0.19153613	9.787497	1447392970365
1.6663644	0.21068975	9.768343	1447392970385
1.6472107	0.19153613	9.825804	1447392970405
1.5897499	0.21068975	9.80665	1447392970426
1.5705963	0.22984336	9.80665	1447392970445
1.5514427	0.21068975	9.787497	1447392970465
1.5514427	0.24899697	9.768343	1447392970485
1.5705963	0.22984336	9.80665	1447392970505
1.5705963	0.21068975	9.787497	1447392970525
1.5897499	0.21068975	9.80665	1447392970545
1.5897499	0.19153613	9.787497	1447392970565
1.6089035	0.19153613	9.787497	1447392970585
1.6089035	0.19153613	9.768343	1447392970605
1.6089035	0.21068975	9.787497	1447392970626
1.6089035	0.21068975	9.80665	1447392970645
1.5897499	0.21068975	9.787497	1447392970665
1.6089035	0.24899697	9.787497	1447392970685
1.5897499	0.22984336	9.787497	1447392970705
1.5897499	0.22984336	9.80665	1447392970725
1.5514427	0.21068975	9.787497	1447392970745
1.5514427	0.21068975	9.787497	1447392970765
1.5514427	0.22984336	9.768343	1447392970785
1.532289	0.24899697	9.768343	1447392970805
1.5514427	0.21068975	9.787497	1447392970826
1.5514427	0.21068975	9.787497	1447392970846
1.5514427	0.21068975	9.80665	1447392970865
1.5514427	0.24899697	9.825804	1447392970885
1.5705963	0.19153613	9.787497	1447392970905
1.5897499	0.21068975	9.787497	1447392970926
1.6472107	0.22984336	9.787497	1447392970945
1.6472107	0.22984336	9.787497	1447392970968
1.6663644	0.21068975	9.80665	1447392970986
1.6472107	0.21068975	9.787497	1447392971005
1.6089035	0.22984336	9.787497	1447392971025
1.5897499	0.24899697	9.768343	1447392971045
1.6089035	0.22984336	9.787497	1447392971065
1.5897499	0.22984336	9.787497	1447392971085
1.5705963	0.22984336	9.768343	1447392971105
1.5897499	0.21068975	9.787497	1447392971126
1.6089035	0.21068975	9.787497	1447392971146
1.5705963	0.22984336	9.80665	1447392971165
1.5514427	0.21068975	9.825804	1447392971185
1.5705963	0.21068975	9.787497	1447392971205
1.5705963	0.22984336	9.768343	1447392971225
1.5705963	0.21068975	9.768343	1447392971245
1.6089035	0.22984336	9.80665	1447392971265
1.6089035	0.24899697	9.80665	1447392971285
1.6089035	0.24899697	9.825804	1447392971305
1.6089035	0.24899697	9.787497	1447392971325
1.5897499	0.24899697	9.787497	1447392971345
1.5705963	0.24899697	9.787497	1447392971365
1.5897499	0.22984336	9.80665	1447392971385
1.532289	0.21068975	9.768343	1447392971405
1.532289	0.17238252	9.768343	1447392971425
1.5705963	0.21068975	9.80665	1447392971445
1.5705963	0.19153613	9.787497	1447392971465
1.5897499	0.22984336	9.787497	1447392971485
1.6280571	0.21068975	9.787497	1447392971505
1.6280571	0.21068975	9.80665	1447392971525
1.6472107	0.22984336	9.787497	1447392971545
1.6089035	0.22984336	9.749189	1447392971565
1.6089035	0.24899697	9.825804	1447392971585
1.5705963	0.24899697	9.825804	1447392971605
1.5705963	0.22984336	9.825804	1447392971626
1.5705963	0.21068975	9.787497	1447392971645
1.5897499	0.19153613	9.80665	1447392971665
1.5897499	0.21068975	9.80665	1447392971685
1.5514427	0.21068975	9.787497	1447392971705
1.5705963	0.22984336	9.787497	1447392971725
1.5705963	0.24899697	9.768343	1447392971745
1.6280571	0.22984336	9.787497	1447392971765
1.5897499	0.22984336	9.844957	1447392971785
1.5705963	0.21068975	9.787497	1447392971805
1.5897499	0.2681506	9.768343	1447392971826
1.5705963	0.22984336	9.787497	1447392971845
1.6089035	0.21068975	9.749189	1447392971865
1.5897499	0.22984336	9.768343	1447392971885
1.5897499	0.22984336	9.787497	1447392971905
1.5897499	0.21068975	9.825804	1447392971926
1.6280571	0.21068975	9.80665	1447392971945
1.6089035	0.22984336	9.768343	1447392971965
1.6280571	0.21068975	9.787497	1447392971985
1.6089035	0.21068975	9.80665	1447392972005
1.5131354	0.24899697	9.787497	1447392972027
1.532289	0.22984336	9.80665	1447392972045
1.5514427	0.22984336	9.787497	1447392972065
1.5705963	0.2873042	9.787497	1447392972085
1.5897499	0.24899697	9.80665	1447392972105
1.6280571	0.24899697	9.787497	1447392972125
1.6280571	0.22984336	9.80665	1447392972145
1.6280571	0.21068975	9.80665	1447392972165
1.5897499	0.21068975	9.749189	1447392972185
1.5705963	0.24899697	9.787497	1447392972205
1.5705963	0.19153613	9.80665	1447392972226
1.5897499	0.19153613	9.787497	1447392972245
1.5897499	0.22984336	9.768343	1447392972265
1.6089035	0.21068975	9.787497	1447392972285
1.6089035	0.22984336	9.787497	1447392972305
1.5897499	0.24899697	9.80665	1447392972326
1.5705963	0.21068975	9.80665	1447392972346
1.5705963	0.21068975	9.80665	1447392972365
1.6280571	0.19153613	9.768343	1447392972385
1.5897499	0.22984336	9.768343	1447392972405
1.5705963	0.24899697	9.768343	1447392972426
1.5705963	0.22984336	9.787497	1447392972445
1.5897499	0.17238252	9.80665	1447392972465
1.5705963	0.19153613	9.844957	1447392972485
1.532289	0.2873042	9.749189	1447392972505
1.532289	0.32561144	9.749189	1447392972526
1.4939818	0.34476504	9.825804	1447392972545
1.5131354	0.22984336	9.864111	1447392972565
1.5131354	0.19153613	9.672575	1447392972585
1.5131354	0.2681506	9.672575	1447392972605
1.6663644	0.22984336	9.653421	1447392972626
1.5897499	0.0	10.055647	1447392972645
1.8004397	0.076614454	9.749189	1447392972665
2.7964275	0.038307227	10.170568	1447392972685
1.5131354	0.90021986	11.492168	1447392972705
1.4748282	-0.05746084	9.5385	1447392972726
1.5514427	0.1340753	10.362105	1447392972746
1.9153614	0.4405331	10.01734	1447392972765
1.5897499	0.32561144	9.672575	1447392972785
1.6280571	0.05746084	9.80665	1447392972805
1.6089035	0.019153614	9.902418	1447392972826
1.6089035	0.17238252	9.959879	1447392972845
1.532289	0.24899697	9.864111	1447392972865
1.5705963	0.34476504	9.921572	1447392972885
0.93852705	0.15322891	9.461885	1447392972905
1.3599066	0.05746084	9.787497	1447392972926
1.436521	0.17238252	9.749189	1447392972945
1.7046716	0.21068975	9.653421	1447392972965
1.6280571	0.0	9.730036	1447392972985
1.685518	0.038307227	9.787497	1447392973006
1.5514427	-0.038307227	9.768343	1447392973026
1.5897499	0.15322891	9.883265	1447392973045
1.532289	0.36391866	9.710882	1447392973068
1.5705963	0.2681506	9.883265	1447392973085
1.3790601	0.2873042	9.844957	1447392973106
1.8195933	0.22984336	10.208876	1447392973126
1.9536686	0.19153613	10.093954	1447392973146
1.5705963	0.1340753	9.80665	1447392973165
1.6280571	-0.019153614	9.691729	1447392973185
1.7812861	0.2873042	9.80665	1447392973206
1.283292	0.076614454	9.615114	1447392973227
1.2449849	0.15322891	9.787497	1447392973246
1.9728222	0.36391866	9.959879	1447392973265
1.9919758	0.17238252	9.5385	1447392973285
1.8770541	-0.11492168	9.5385	1447392973305
1.8579005	0.1340753	9.883265	1447392973326
1.3790601	0.11492168	10.170568	1447392973345
1.2641385	-0.24899697	9.9790325	1447392973365
1.4939818	0.019153614	9.615114	1447392973385
1.6089035	0.22984336	9.691729	1447392973405
1.1300632	0.45968673	9.940725	1447392973426
1.5705963	0.24899697	10.036493	1447392973445
1.8579005	0.49799395	9.825804	1447392973465
1.3790601	0.095768064	9.595961	1447392973485
1.4748282	0.15322891	9.576807	1447392973505
1.8770541	0.095768064	9.844957	1447392973527
1.7238252	0.17238252	9.864111	1447392973545
1.8770541	0.15322891	9.730036	1447392973565
1.685518	0.40222588	9.691729	1447392973585
1.6280571	0.40222588	9.768343	1447392973605
2.7581203	-1.0534488	10.400413	1447392973626
1.5131354	1.091756	9.576807	1447392973645
0.4405331	1.9919758	9.270349	1447392973665
0.32561144	1.340753	9.461885	1447392973685
1.3982137	0.63206923	9.787497	1447392973705
1.0534488	0.40222588	9.576807	1447392973727
0.93852705	0.076614454	9.461885	1447392973745
1.5131354	0.0	9.672575	1447392973765
1.7046716	0.15322891	10.113108	1447392973787
1.8387469	0.36391866	9.864111	1447392973805
1.8579005	0.32561144	9.883265	1447392973826
1.7812861	0.2873042	9.80665	1447392973845
1.4748282	0.30645782	9.691729	1447392973867
1.5897499	0.45968673	9.80665	1447392973885
1.5705963	0.5554548	9.844957	1447392973905
1.532289	0.40222588	9.730036	1447392973925
1.5705963	0.30645782	9.749189	1447392973946
1.0726024	0.51714754	9.461885	1447392973965
1.2258313	0.6895301	9.921572	1447392973985
1.3215994	0.90021986	9.5385	1447392974005
0.6895301	0.90021986	9.481039	1447392974026
1.0534488	1.340753	9.5385	1447392974046
1.4939818	1.2258313	10.515334	1447392974065
0.93852705	0.5746084	10.247183	1447392974085
1.2449849	0.38307226	10.534488	1447392974105
1.685518	1.2258313	10.228029	1447392974125
1.4939818	1.8579005	10.093954	1447392974145
1.3215994	2.087744	10.323798	1447392974168
1.1109096	1.4939818	9.864111	1447392974186
1.0151415	1.0342951	9.921572	1447392974205
1.091756	0.6512229	9.461885	1447392974226
1.091756	0.5363012	9.040505	1447392974245
1.7238252	0.17238252	9.768343	1447392974268
1.685518	0.61291564	9.825804	1447392974285
1.8195933	0.21068975	9.289502	1447392974305
1.9153614	-0.11492168	8.944737	1447392974326
1.9153614	-0.51714754	9.653421	1447392974345
1.8004397	-0.32561144	9.710882	1447392974365
1.8195933	0.4405331	9.921572	1447392974385
1.6663644	0.51714754	10.093954	1447392974405
0.82360536	0.78529817	9.749189	1447392974426
0.91937345	1.4556746	9.615114	1447392974445
0.6512229	2.6623523	9.346964	1447392974465
2.3175871	3.0262709	8.255207	1447392974485
3.1986535	1.7621324	10.036493	1447392974505
3.3135753	0.8619126	10.170568	1447392974525
3.1028855	0.59376204	10.457873	1447392974545
2.8921957	1.0342951	9.768343	1447392974565
3.0071173	0.90021986	9.730036	1447392974586
2.3558946	0.4405331	9.442732	1447392974605
1.7429788	-1.0151415	9.557653	1447392974625
2.5474305	0.1340753	10.151415	1447392974648
2.0111294	0.32561144	10.189722	1447392974665
1.9919758	0.6703765	9.653421	1447392974685
2.0494366	0.7278373	9.385271	1447392974705
3.0454245	1.4748282	8.312668	1447392974725
2.432509	1.340753	8.619126	1447392974752
3.217807	1.0151415	7.6614456	1447392974765
3.7924154	0.78529817	9.232041	1447392974785
5.209783	0.36391866	9.9790325	1447392974805
5.554548	-0.076614454	9.5385	1447392974825
4.807557	0.36391866	10.477027	1447392974845
4.1371803	1.0534488	10.496181	1447392974866
3.7732618	2.1068976	10.477027	1447392974885
3.1986535	1.7621324	9.844957	1447392974906
2.2218192	0.90021986	8.619126	1447392974926
3.4859576	0.45968673	8.829816	1447392974946
3.371036	0.21068975	9.232041	1447392974965
3.3901896	0.095768064	9.078813	1447392974985
3.715801	0.7278373	8.983045	1447392975005
4.4819455	2.2409728	9.232041	1447392975025
4.5777135	2.183512	9.270349	1447392975045
3.86903	2.0685902	9.059659	1447392975065
3.7541082	1.7812861	9.174581	1447392975085
3.8881836	1.4748282	9.270349	1447392975105
3.9456444	1.0534488	8.829816	1447392975125
3.86903	1.0151415	9.615114	1447392975145
3.7732618	1.1875241	8.791509	1447392975165
3.5625722	0.6512229	11.128249	1447392975185
3.2944214	0.5363012	10.170568	1447392975205
3.6774938	1.436521	8.580819	1447392975225
3.6966474	1.934515	8.504205	1447392975245
3.3901896	2.681506	10.055647	1447392975265
3.620033	2.6431987	8.312668	1447392975285
3.6774938	2.9879637	7.967903	1447392975305
3.3901896	2.030283	8.389283	1447392975326
3.5051112	1.934515	8.255207	1447392975345
3.466804	2.5091233	8.446744	1447392975365
3.122039	3.0071173	8.714894	1447392975385
3.2369606	2.9113493	8.676587	1447392975406
3.4284968	3.620033	8.6574335	1447392975427
3.6966474	3.3135753	8.868123	1447392975445
3.9839516	3.5051112	8.810662	1447392975469
4.1371803	3.4476504	8.963891	1447392975485
4.1371803	3.083732	9.346964	1447392975506
4.0414124	2.930503	9.021352	1447392975527
3.8881836	2.96881	8.829816	1447392975545
3.6774938	3.0454245	8.6574335	1447392975565
3.6774938	3.064578	8.599973	1447392975585
3.715801	3.0454245	8.580819	1447392975605
3.7732618	3.064578	8.561666	1447392975626
4.0797195	3.0454245	8.619126	1447392975645
4.175488	3.0454245	8.63828	1447392975665
4.0414124	2.9496565	8.695741	1447392975685
3.9839516	2.9113493	8.714894	1447392975705
3.9839516	3.0454245	8.868123	1447392975725
3.9073372	2.9879637	8.734048	1447392975745
3.8498764	2.96881	8.676587	1447392975765
3.8115692	3.0454245	8.6574335	1447392975785
3.9264908	3.122039	8.695741	1447392975805
3.86903	3.1028855	8.695741	1447392975825
3.8115692	3.0262709	8.504205	1447392975845
3.7349546	2.96881	8.274361	1447392975865
3.6774938	3.3135753	8.542512	1447392975886
3.5817258	3.1411927	8.274361	1447392975905
4.1371803	3.4859576	8.389283	1447392975927
4.213795	3.371036	8.599973	1447392975945
4.1180267	2.7581203	9.097966	1447392975965
4.213795	2.6623523	9.270349	1447392975985
4.309563	2.6240451	9.193734	1447392976005
4.271256	2.815581	9.289502	1447392976025
4.003105	2.4899697	8.6574335	1447392976045
4.1946416	3.1028855	7.0485296	1447392976065
4.4244847	3.4093432	8.676587	1447392976086
