-3.2950344	-8.669079	2.4712758	 11 10 10:26:48  2015
-3.5303938	-8.590625	2.432049	 11 10 10:26:48  2015
-3.4519408	-8.551398	2.5105023	 11 10 10:26:48  2015
-3.7657535	-8.512172	2.2359161	 11 10 10:26:48  2015
-3.8442068	-8.512172	2.3143694	 11 10 10:26:48  2015
-3.8442068	-8.786758	2.0005565	 11 10 10:26:48  2015
-3.6088471	-8.825985	2.1182363	 11 10 10:26:48  2015
-3.9226599	-8.472945	2.0005565	 11 10 10:26:48  2015
-3.80498	-8.747532	1.8044236	 11 10 10:26:48  2015
-3.8442068	-8.590625	1.8044236	 11 10 10:26:48  2015
-3.6088471	-8.629851	1.8828768	 11 10 10:26:48  2015
-3.6873002	-8.551398	1.8436501	 11 10 10:26:48  2015
-4.001113	-8.394492	1.7651969	 11 10 10:26:48  2015
-3.2950344	-8.904438	1.5690639	 11 10 10:26:48  2015
-3.6873002	-8.629851	1.7259704	 11 10 10:26:48  2015
-3.6480737	-8.433719	1.9613299	 11 10 10:26:48  2015
-3.4519408	-7.2961473	1.5690639	 11 10 10:26:48  2015
-4.707192	-6.825428	3.0204482	 11 10 10:26:48  2015
-2.2359161	-7.6491866	2.0005565	 11 10 10:26:48  2015
-3.1381278	-7.5707335	2.2359161	 11 10 10:26:48  2015
-2.9027684	-8.747532	2.5105023	 11 10 10:26:48  2015
-2.353596	-9.375157	2.8635418	 11 10 10:26:48  2015
-2.3143694	-9.100571	2.7850885	 11 10 10:26:48  2015
-2.5497289	-8.629851	2.2359161	 11 10 10:26:49  2015
-1.8828768	-8.119906	3.5696206	 11 10 10:26:49  2015
-0.5491724	-7.806093	2.432049	 11 10 10:26:49  2015
0.78453195	-5.88399	2.4712758	 11 10 10:26:49  2015
-2.9027684	-9.375157	3.9226599	 11 10 10:26:49  2015
-2.3143694	-11.728753	4.8248715	 11 10 10:26:49  2015
1.5690639	-10.630408	0.8629852	 11 10 10:26:49  2015
1.2160245	-10.434276	1.3337044	 11 10 10:26:49  2015
0.98066497	-9.92433	1.5690639	 11 10 10:26:49  2015
1.0198916	-9.80665	1.9613299	 11 10 10:26:49  2015
0.98066497	-9.492837	1.6082906	 11 10 10:26:49  2015
0.5491724	-10.277369	2.0005565	 11 10 10:26:49  2015
0.5491724	-10.1989155	2.5105023	 11 10 10:26:49  2015
0.4314926	-10.316595	3.1381278	 11 10 10:26:49  2015
1.0591182	-9.45361	2.9812214	 11 10 10:26:49  2015
2.432049	-8.237586	2.353596	 11 10 10:26:49  2015
1.8436501	-10.787314	2.1574628	 11 10 10:26:49  2015
2.432049	-10.081236	2.1574628	 11 10 10:26:49  2015
1.4906107	-10.159689	1.6867437	 11 10 10:26:49  2015
1.4906107	-10.042009	0.6668522	 11 10 10:26:49  2015
1.3337044	-9.335931	2.0790098	 11 10 10:26:49  2015
2.432049	-4.589512	5.0210047	 11 10 10:26:49  2015
1.8828768	-5.570177	4.511059	 11 10 10:26:49  2015
1.1375713	-7.453054	4.001113	 11 10 10:26:49  2015
1.4906107	-7.335374	4.785645	 11 10 10:26:49  2015
1.4513842	-8.472945	5.64863	 11 10 10:26:50  2015
2.7066352	-10.277369	6.9823346	 11 10 10:26:50  2015
2.824315	-9.022118	6.943108	 11 10 10:26:50  2015
3.8834333	-10.120462	4.628739	 11 10 10:26:50  2015
3.6480737	-11.924886	3.0596747	 11 10 10:26:50  2015
3.2558076	-11.41494	1.8828768	 11 10 10:26:50  2015
3.1773546	-6.2762556	0.35303938	 11 10 10:26:50  2015
-0.78453195	-7.3746004	-0.1569064	 11 10 10:26:50  2015
-2.9812214	-10.904995	-0.6668522	 11 10 10:26:50  2015
0.39226598	-8.159133	0.2745862	 11 10 10:26:50  2015
1.5690639	-7.4138274	0.5491724	 11 10 10:26:50  2015
-0.2745862	-9.649743	-0.6276256	 11 10 10:26:50  2015
-1.4121575	-8.904438	-0.2353596	 11 10 10:26:50  2015
-0.5491724	-8.551398	-0.0392266	 11 10 10:26:50  2015
0.3138128	-8.433719	-0.1569064	 11 10 10:26:50  2015
1.0591182	-10.002783	0.4314926	 11 10 10:26:50  2015
0.0784532	-11.964112	-0.1176798	 11 10 10:26:50  2015
-3.0596747	-12.00334	-0.39226598	 11 10 10:26:50  2015
-3.8442068	-12.670192	-0.5099458	 11 10 10:26:50  2015
-2.8635418	-14.553068	-1.6082906	 11 10 10:26:50  2015
2.1182363	-12.00334	-1.3337044	 11 10 10:26:50  2015
3.726527	-13.180138	-1.2944778	 11 10 10:26:50  2015
3.0204482	-13.415497	0.2353596	 11 10 10:26:50  2015
2.1574628	-10.551955	-0.78453195	 11 10 10:26:50  2015
0.39226598	-7.100014	-1.6475172	 11 10 10:26:50  2015
-0.2353596	-4.118793	-1.176798	 11 10 10:26:51  2015
1.0198916	-2.2359161	0.9414384	 11 10 10:26:51  2015
1.4513842	-3.0596747	2.353596	 11 10 10:26:51  2015
1.1375713	-5.570177	3.6873002	 11 10 10:26:51  2015
1.2552512	-8.708305	7.021561	 11 10 10:26:51  2015
1.0591182	-11.101128	9.179024	 11 10 10:26:51  2015
1.8436501	-13.297817	8.355266	 11 10 10:26:51  2015
5.1386843	-7.453054	6.825428	 11 10 10:26:51  2015
7.256921	-10.551955	3.334261	 11 10 10:26:51  2015
1.7651969	-14.866881	-1.5690639	 11 10 10:26:51  2015
0.4314926	-5.88399	0.19613299	 11 10 10:26:51  2015
-0.4314926	-4.8248715	-1.6475172	 11 10 10:26:51  2015
-2.0790098	-13.84699	-1.0591182	 11 10 10:26:51  2015
1.176798	-6.9823346	0.70607877	 11 10 10:26:51  2015
1.8436501	-5.64863	1.7259704	 11 10 10:26:51  2015
-1.7651969	-9.218251	-1.2160245	 11 10 10:26:51  2015
-1.4513842	-9.100571	0.5099458	 11 10 10:26:51  2015
-0.3138128	-9.257478	0.0392266	 11 10 10:26:51  2015
0.1569064	-13.454723	-0.4314926	 11 10 10:26:51  2015
-1.9613299	-12.356379	-0.19613299	 11 10 10:26:51  2015
-1.4906107	-11.375713	1.6475172	 11 10 10:26:51  2015
-2.1966896	-14.631521	-0.8237586	 11 10 10:26:51  2015
-0.5491724	-13.297817	-2.941995	 11 10 10:26:51  2015
3.1381278	-16.082905	-1.9613299	 11 10 10:26:51  2015
2.9027684	-15.21992	0.98066497	 11 10 10:26:51  2015
1.0591182	-10.512729	-0.6668522	 11 10 10:26:52  2015
-0.4707192	-6.1978025	-2.2359161	 11 10 10:26:52  2015
-0.2353596	-2.7850885	-2.1574628	 11 10 10:26:52  2015
1.6867437	-0.78453195	0.3138128	 11 10 10:26:52  2015
1.5298374	-1.6475172	2.4712758	 11 10 10:26:52  2015
0.5099458	-3.4519408	5.2563643	 11 10 10:26:52  2015
0.8629852	-6.9038815	6.825428	 11 10 10:26:52  2015
0.39226598	-15.259147	8.041452	 11 10 10:26:52  2015
1.8044236	-12.709418	8.904438	 11 10 10:26:52  2015
3.5696206	-4.1580195	6.668522	 11 10 10:26:52  2015
6.5116153	-9.57129	0.1176798	 11 10 10:26:52  2015
0.5491724	-19.37794	-1.7259704	 11 10 10:26:52  2015
0.8237586	-4.393379	0.6276256	 11 10 10:26:52  2015
1.0198916	-3.5696206	-1.9221034	 11 10 10:26:52  2015
-2.2359161	-14.121575	-2.1966896	 11 10 10:26:52  2015
-0.4314926	-8.002226	0.39226598	 11 10 10:26:52  2015
1.5298374	-4.8248715	2.1182363	 11 10 10:26:52  2015
-1.176798	-8.433719	-2.6281822	 11 10 10:26:52  2015
-1.2160245	-9.68897	1.0983448	 11 10 10:26:52  2015
-0.4314926	-10.551955	0.78453195	 11 10 10:26:52  2015
-0.9414384	-12.591739	-0.2353596	 11 10 10:26:52  2015
-2.1574628	-12.434832	-0.0392266	 11 10 10:26:52  2015
-2.1966896	-15.21992	-0.74530536	 11 10 10:26:52  2015
-1.176798	-13.84699	-2.2751427	 11 10 10:26:52  2015
3.8442068	-13.572403	-1.4513842	 11 10 10:26:52  2015
3.216581	-15.769093	0.6668522	 11 10 10:26:53  2015
1.4513842	-12.630965	0.4314926	 11 10 10:26:53  2015
-0.0	-8.8652115	-1.7259704	 11 10 10:26:53  2015
-0.3138128	-4.001113	-2.2751427	 11 10 10:26:53  2015
1.5298374	-0.39226598	-1.2944778	 11 10 10:26:53  2015
1.4121575	0.8629852	0.6276256	 11 10 10:26:53  2015
1.176798	-0.39226598	3.6873002	 11 10 10:26:53  2015
1.176798	-6.0408964	6.0408964	 11 10 10:26:53  2015
1.3337044	-18.711088	12.00334	 11 10 10:26:53  2015
2.5497289	-13.140911	7.923773	 11 10 10:26:53  2015
3.9226599	-5.88399	6.9823346	 11 10 10:26:53  2015
6.9038815	-11.924886	1.7259704	 11 10 10:26:53  2015
1.1375713	-12.042566	-0.2745862	 11 10 10:26:53  2015
-0.2745862	-4.7464185	0.4314926	 11 10 10:26:53  2015
-0.70607877	-8.355266	-1.4906107	 11 10 10:26:53  2015
-1.4513842	-13.72931	-0.5491724	 11 10 10:26:53  2015
1.8436501	-5.6878567	0.6668522	 11 10 10:26:53  2015
2.3143694	-5.374044	1.0198916	 11 10 10:26:53  2015
-0.74530536	-7.2961473	-3.80498	 11 10 10:26:53  2015
-0.6276256	-8.786758	1.2944778	 11 10 10:26:53  2015
-0.6276256	-10.512729	0.4707192	 11 10 10:26:53  2015
-0.8629852	-12.395605	-0.2353596	 11 10 10:26:53  2015
-3.412714	-12.00334	-0.4707192	 11 10 10:26:53  2015
-3.4911673	-13.140911	-0.6276256	 11 10 10:26:53  2015
-1.8044236	-14.945334	-2.3143694	 11 10 10:26:53  2015
3.3734875	-13.297817	-2.5497289	 11 10 10:26:54  2015
4.6679654	-16.475172	0.0784532	 11 10 10:26:54  2015
2.2359161	-13.886216	0.98066497	 11 10 10:26:54  2015
0.0784532	-9.375157	-1.0983448	 11 10 10:26:54  2015
-1.9221034	-4.393379	-2.4712758	 11 10 10:26:54  2015
-0.0392266	-0.74530536	-1.4906107	 11 10 10:26:54  2015
1.372931	0.3138128	0.19613299	 11 10 10:26:54  2015
1.7259704	-1.8828768	2.5497289	 11 10 10:26:54  2015
1.6475172	-7.7668667	7.6491866	 11 10 10:26:54  2015
3.0596747	-18.711088	10.8657675	 11 10 10:26:54  2015
2.824315	-9.492837	7.453054	 11 10 10:26:54  2015
4.864098	-9.68897	6.7077484	 11 10 10:26:54  2015
3.4911673	-16.082905	0.3138128	 11 10 10:26:54  2015
0.6276256	-9.179024	0.1569064	 11 10 10:26:54  2015
-0.70607877	-6.7077484	-2.0790098	 11 10 10:26:54  2015
-0.6668522	-12.434832	-1.8828768	 11 10 10:26:54  2015
-0.5099458	-11.101128	0.5099458	 11 10 10:26:54  2015
2.6281822	-4.393379	1.176798	 11 10 10:26:54  2015
0.6276256	-5.8055367	0.588399	 11 10 10:26:54  2015
-2.1574628	-9.218251	-2.2751427	 11 10 10:26:54  2015
-1.9613299	-9.5320635	2.1574628	 11 10 10:26:54  2015
-1.0591182	-11.179581	0.74530536	 11 10 10:26:54  2015
-2.5497289	-13.023231	-0.588399	 11 10 10:26:54  2015
-2.824315	-12.042566	0.8629852	 11 10 10:26:54  2015
-2.1966896	-16.318266	-0.8629852	 11 10 10:26:54  2015
0.1569064	-13.258591	-2.5889556	 11 10 10:26:55  2015
5.0994577	-14.631521	-1.9221034	 11 10 10:26:55  2015
3.3734875	-16.592852	0.2745862	 11 10 10:26:55  2015
1.1375713	-12.238699	-0.35303938	 11 10 10:26:55  2015
-0.19613299	-6.668522	-1.372931	 11 10 10:26:55  2015
-0.35303938	-2.5889556	-1.6082906	 11 10 10:26:55  2015
1.3337044	-0.0784532	-0.5099458	 11 10 10:26:55  2015
1.0983448	0.0392266	0.8237586	 11 10 10:26:55  2015
0.9414384	-1.3337044	2.1182363	 11 10 10:26:55  2015
0.8629852	-6.7077484	6.354709	 11 10 10:26:55  2015
1.4121575	-18.044235	11.140354	 11 10 10:26:55  2015
2.5497289	-12.866324	7.4922805	 11 10 10:26:55  2015
5.570177	-9.5320635	6.590069	 11 10 10:26:55  2015
4.864098	-13.84699	2.0005565	 11 10 10:26:55  2015
0.70607877	-8.394492	0.1176798	 11 10 10:26:55  2015
-0.39226598	-4.001113	0.19613299	 11 10 10:26:55  2015
-1.7259704	-11.76798	-2.7850885	 11 10 10:26:55  2015
-1.7651969	-12.905551	0.19613299	 11 10 10:26:55  2015
2.6281822	-5.060231	1.5690639	 11 10 10:26:55  2015
1.6475172	-5.8055367	1.4906107	 11 10 10:26:55  2015
-1.176798	-8.355266	-3.1381278	 11 10 10:26:55  2015
-1.1375713	-8.943665	1.176798	 11 10 10:26:55  2015
-0.74530536	-9.845877	0.588399	 11 10 10:26:55  2015
-0.1176798	-12.121019	-0.0	 11 10 10:26:55  2015
-3.4519408	-12.552511	-0.9022118	 11 10 10:26:55  2015
-2.5497289	-12.630965	0.19613299	 11 10 10:26:56  2015
-2.3143694	-14.396162	-1.7651969	 11 10 10:26:56  2015
2.1966896	-11.76798	-2.0005565	 11 10 10:26:56  2015
4.197246	-15.063014	0.1569064	 11 10 10:26:56  2015
2.1966896	-14.435389	1.1375713	 11 10 10:26:56  2015
-0.35303938	-10.9442215	-0.9022118	 11 10 10:26:56  2015
-1.372931	-6.9038815	-2.1574628	 11 10 10:26:56  2015
-0.1176798	-2.7066352	-1.4513842	 11 10 10:26:56  2015
1.6475172	-0.3138128	0.0392266	 11 10 10:26:56  2015
1.9613299	-0.588399	0.9022118	 11 10 10:26:56  2015
2.1574628	-2.7066352	2.7066352	 11 10 10:26:56  2015
1.4906107	-8.119906	6.590069	 11 10 10:26:56  2015
0.5491724	-17.730423	10.120462	 11 10 10:26:56  2015
1.8436501	-10.708861	8.119906	 11 10 10:26:56  2015
4.8248715	-8.551398	6.550842	 11 10 10:26:56  2015
5.1386843	-14.278482	0.98066497	 11 10 10:26:56  2015
0.1569064	-10.002783	0.3138128	 11 10 10:26:56  2015
-0.2745862	-3.4911673	0.5099458	 11 10 10:26:56  2015
-1.2160245	-10.434276	-1.7651969	 11 10 10:26:56  2015
-1.2552512	-13.258591	-0.4314926	 11 10 10:26:56  2015
2.6281822	-5.374044	0.70607877	 11 10 10:26:56  2015
2.3928225	-5.88399	0.4314926	 11 10 10:26:56  2015
-0.78453195	-8.8652115	-2.5497289	 11 10 10:26:56  2015
-1.1375713	-9.100571	1.372931	 11 10 10:26:56  2015
-0.9022118	-10.081236	0.1176798	 11 10 10:26:57  2015
-1.2160245	-12.317152	-0.6276256	 11 10 10:26:57  2015
-2.5105023	-11.885659	-0.4314926	 11 10 10:26:57  2015
-3.216581	-12.787871	0.0392266	 11 10 10:26:57  2015
-2.432049	-14.121575	-1.7259704	 11 10 10:26:57  2015
2.5497289	-12.434832	-1.6475172	 11 10 10:26:57  2015
4.0403395	-15.926	-1.1375713	 11 10 10:26:57  2015
2.3143694	-14.866881	0.74530536	 11 10 10:26:57  2015
0.78453195	-10.591182	-0.6668522	 11 10 10:26:57  2015
-0.8237586	-5.76631	-1.8436501	 11 10 10:26:57  2015
-0.1176798	-1.6082906	-1.2552512	 11 10 10:26:57  2015
0.9414384	-0.2745862	-0.3138128	 11 10 10:26:57  2015
1.3337044	-0.2353596	1.372931	 11 10 10:26:57  2015
1.5298374	-3.4911673	3.80498	 11 10 10:26:57  2015
0.5491724	-10.904995	8.080679	 11 10 10:26:57  2015
0.74530536	-16.200586	9.649743	 11 10 10:26:57  2015
2.0005565	-8.590625	7.4138274	 11 10 10:26:57  2015
4.9425516	-9.5320635	5.962443	 11 10 10:26:57  2015
4.275699	-14.160802	0.39226598	 11 10 10:26:57  2015
0.78453195	-7.963	0.9022118	 11 10 10:26:57  2015
-1.5690639	-4.001113	-0.6668522	 11 10 10:26:57  2015
-2.1574628	-13.768537	-2.824315	 11 10 10:26:57  2015
0.19613299	-10.316595	0.5099458	 11 10 10:26:57  2015
3.2950344	-4.393379	1.8044236	 11 10 10:26:57  2015
-0.39226598	-7.7668667	-0.1176798	 11 10 10:26:57  2015
-2.1182363	-9.296704	-1.176798	 11 10 10:26:57  2015
-1.0983448	-8.943665	1.4906107	 11 10 10:26:58  2015
-0.588399	-10.630408	0.0392266	 11 10 10:26:58  2015
-0.74530536	-12.474058	-0.98066497	 11 10 10:26:58  2015
-2.3143694	-11.807206	-0.3138128	 11 10 10:26:58  2015
-2.824315	-12.474058	0.0392266	 11 10 10:26:58  2015
-2.4712758	-13.768537	-1.9613299	 11 10 10:26:58  2015
2.8635418	-11.846433	-2.9027684	 11 10 10:26:58  2015
4.4326057	-16.357492	0.0784532	 11 10 10:26:58  2015
2.4712758	-13.84699	1.0591182	 11 10 10:26:58  2015
0.4707192	-9.218251	-0.0784532	 11 10 10:26:58  2015
-1.3337044	-5.491724	-1.2944778	 11 10 10:26:58  2015
-1.0198916	-3.334261	-1.6475172	 11 10 10:26:58  2015
0.8237586	-0.4707192	-0.39226598	 11 10 10:26:58  2015
1.2944778	-0.39226598	1.2552512	 11 10 10:26:58  2015
2.2751427	-2.6281822	4.393379	 11 10 10:26:58  2015
0.8629852	-13.258591	10.042009	 11 10 10:26:58  2015
2.432049	-18.632635	9.57129	 11 10 10:26:58  2015
4.2364726	-5.6878567	6.668522	 11 10 10:26:58  2015
5.64863	-9.375157	4.6679654	 11 10 10:26:58  2015
1.3337044	-14.945334	-0.6276256	 11 10 10:26:58  2015
-0.0784532	-7.7668667	0.6276256	 11 10 10:26:58  2015
-0.6668522	-3.4911673	0.1569064	 11 10 10:26:58  2015
-1.9613299	-14.474615	-2.0790098	 11 10 10:26:58  2015
0.0784532	-9.492837	0.5491724	 11 10 10:26:58  2015
3.412714	-4.589512	1.9613299	 11 10 10:26:58  2015
0.39226598	-6.590069	-2.0005565	 11 10 10:26:59  2015
-0.9022118	-8.825985	-0.39226598	 11 10 10:26:59  2015
-1.0198916	-9.375157	0.8237586	 11 10 10:26:59  2015
-0.1176798	-11.101128	0.70607877	 11 10 10:26:59  2015
-3.0989013	-13.180138	-1.0198916	 11 10 10:26:59  2015
-3.3734875	-11.885659	0.1569064	 11 10 10:26:59  2015
-3.1381278	-15.808319	-1.372931	 11 10 10:26:59  2015
1.9613299	-12.552511	-1.3337044	 11 10 10:26:59  2015
4.6679654	-16.004452	-1.1375713	 11 10 10:26:59  2015
2.6281822	-16.043678	0.6276256	 11 10 10:26:59  2015
0.588399	-11.6503	-0.5099458	 11 10 10:26:59  2015
-0.19613299	-9.022118	-2.1966896	 11 10 10:26:59  2015
-0.3138128	-4.118793	-2.353596	 11 10 10:26:59  2015
1.2160245	-0.74530536	-1.0983448	 11 10 10:26:59  2015
1.0198916	0.39226598	0.6276256	 11 10 10:26:59  2015
0.8629852	-1.7259704	2.941995	 11 10 10:26:59  2015
0.9022118	-9.218251	7.139241	 11 10 10:26:59  2015
2.5105023	-18.554182	9.5320635	 11 10 10:26:59  2015
2.5889556	-10.669635	8.1983595	 11 10 10:26:59  2015
5.217138	-7.60996	6.080123	 11 10 10:26:59  2015
6.825428	-12.395605	1.2160245	 11 10 10:26:59  2015
0.1176798	-10.983448	-0.0	 11 10 10:26:59  2015
-1.7259704	-6.3154826	-0.4707192	 11 10 10:26:59  2015
-1.0198916	-9.139797	-2.3143694	 11 10 10:26:59  2015
-0.5099458	-12.042566	0.0392266	 11 10 10:26:59  2015
2.2751427	-6.6292953	1.5690639	 11 10 10:27:00  2015
1.4513842	-6.080123	1.4906107	 11 10 10:27:00  2015
-1.6082906	-7.5707335	-1.8436501	 11 10 10:27:00  2015
-2.0790098	-9.5320635	0.9414384	 11 10 10:27:00  2015
-1.1375713	-10.316595	0.78453195	 11 10 10:27:00  2015
0.1176798	-11.728753	0.0784532	 11 10 10:27:00  2015
-2.5497289	-12.160246	-0.6668522	 11 10 10:27:00  2015
-1.2160245	-12.160246	0.98066497	 11 10 10:27:00  2015
-2.5105023	-14.121575	-1.6867437	 11 10 10:27:00  2015
1.0983448	-11.6110735	-2.5889556	 11 10 10:27:00  2015
3.5696206	-15.847546	-0.98066497	 11 10 10:27:00  2015
2.432049	-14.709974	0.9414384	 11 10 10:27:00  2015
0.8237586	-12.591739	-0.4314926	 11 10 10:27:00  2015
-0.1176798	-8.433719	-1.5298374	 11 10 10:27:00  2015
-1.176798	-4.393379	-1.4906107	 11 10 10:27:00  2015
0.70607877	-1.8044236	-0.98066497	 11 10 10:27:00  2015
1.4121575	-0.39226598	0.8629852	 11 10 10:27:00  2015
1.4513842	-1.8828768	3.334261	 11 10 10:27:00  2015
1.0198916	-8.002226	8.472945	 11 10 10:27:00  2015
4.1580195	-20.750872	9.100571	 11 10 10:27:00  2015
4.393379	-9.335931	6.668522	 11 10 10:27:00  2015
4.589512	-5.295591	6.7862015	 11 10 10:27:00  2015
2.8635418	-12.787871	1.4121575	 11 10 10:27:00  2015
-0.70607877	-13.062457	-0.35303938	 11 10 10:27:00  2015
-0.0	-4.197246	0.5491724	 11 10 10:27:00  2015
-0.4314926	-8.159133	-1.4906107	 11 10 10:27:01  2015
-1.4121575	-12.630965	-0.4314926	 11 10 10:27:01  2015
1.6475172	-6.4723887	1.3337044	 11 10 10:27:01  2015
1.0591182	-6.2762556	2.0005565	 11 10 10:27:01  2015
-1.372931	-7.60996	-2.1182363	 11 10 10:27:01  2015
-1.372931	-9.257478	0.8629852	 11 10 10:27:01  2015
-0.5099458	-10.277369	0.74530536	 11 10 10:27:01  2015
-0.4707192	-12.670192	-0.4707192	 11 10 10:27:01  2015
-3.6088471	-11.76798	-0.2745862	 11 10 10:27:01  2015
-3.216581	-13.180138	-0.8629852	 11 10 10:27:01  2015
-0.9022118	-13.807763	-1.5690639	 11 10 10:27:01  2015
3.4911673	-12.356379	-1.4121575	 11 10 10:27:01  2015
3.1773546	-15.808319	0.98066497	 11 10 10:27:01  2015
2.4712758	-15.141467	0.98066497	 11 10 10:27:01  2015
0.78453195	-11.140354	0.4707192	 11 10 10:27:01  2015
-0.5099458	-7.3746004	-0.9022118	 11 10 10:27:01  2015
-0.4314926	-3.6480737	-1.5298374	 11 10 10:27:01  2015
1.372931	-1.2552512	-0.4707192	 11 10 10:27:01  2015
1.2160245	-0.3138128	1.3337044	 11 10 10:27:01  2015
1.4121575	-3.3734875	5.0210047	 11 10 10:27:01  2015
0.588399	-15.45528	11.061901	 11 10 10:27:01  2015
3.2558076	-15.847546	7.963	 11 10 10:27:01  2015
5.7270837	-6.080123	5.8055367	 11 10 10:27:01  2015
6.1978025	-10.591182	3.9226599	 11 10 10:27:01  2015
0.78453195	-12.670192	-0.2745862	 11 10 10:27:01  2015
-0.5491724	-6.7862015	-0.2353596	 11 10 10:27:02  2015
-1.2160245	-6.746975	-0.78453195	 11 10 10:27:02  2015
-1.6475172	-13.533176	-0.4707192	 11 10 10:27:02  2015
1.0591182	-7.72764	0.9022118	 11 10 10:27:02  2015
2.1182363	-5.491724	1.4906107	 11 10 10:27:02  2015
-0.8629852	-7.7668667	-0.6276256	 11 10 10:27:02  2015
-1.7259704	-8.512172	-1.4906107	 11 10 10:27:02  2015
-0.9414384	-9.767424	2.432049	 11 10 10:27:02  2015
-0.0392266	-11.6110735	0.39226598	 11 10 10:27:02  2015
-2.9027684	-12.081793	-0.6276256	 11 10 10:27:02  2015
-2.353596	-10.787314	0.4314926	 11 10 10:27:02  2015
-2.7850885	-15.533733	-1.4513842	 11 10 10:27:02  2015
-0.2745862	-12.709418	-1.8828768	 11 10 10:27:02  2015
4.393379	-13.84699	-1.5690639	 11 10 10:27:02  2015
4.118793	-15.847546	0.78453195	 11 10 10:27:02  2015
2.3928225	-14.396162	1.0198916	 11 10 10:27:02  2015
0.8237586	-10.159689	-0.4314926	 11 10 10:27:02  2015
-0.70607877	-5.6094036	-1.4121575	 11 10 10:27:02  2015
0.1569064	-2.1182363	-1.2160245	 11 10 10:27:02  2015
1.2160245	-0.19613299	0.5099458	 11 10 10:27:02  2015
1.0198916	-1.0983448	1.5690639	 11 10 10:27:02  2015
1.3337044	-5.4132705	5.3348174	 11 10 10:27:02  2015
0.98066497	-19.064127	11.179581	 11 10 10:27:02  2015
2.6281822	-12.787871	8.355266	 11 10 10:27:02  2015
5.0210047	-8.943665	6.7862015	 11 10 10:27:02  2015
4.197246	-13.72931	1.9221034	 11 10 10:27:03  2015
1.176798	-8.708305	0.0392266	 11 10 10:27:03  2015
-0.74530536	-4.864098	-0.2353596	 11 10 10:27:03  2015
-1.6867437	-11.375713	-2.3928225	 11 10 10:27:03  2015
-1.176798	-11.924886	0.35303938	 11 10 10:27:03  2015
2.4712758	-4.864098	1.2552512	 11 10 10:27:03  2015
1.2944778	-6.3154826	1.2552512	 11 10 10:27:03  2015
-1.4513842	-9.179024	-2.3143694	 11 10 10:27:03  2015
-1.4906107	-9.296704	1.6082906	 11 10 10:27:03  2015
-1.6082906	-9.5320635	0.39226598	 11 10 10:27:03  2015
-0.5491724	-11.885659	-0.1176798	 11 10 10:27:03  2015
-2.5105023	-12.081793	-0.8629852	 11 10 10:27:03  2015
-2.2751427	-13.650856	-0.1176798	 11 10 10:27:03  2015
-2.353596	-13.6900835	-0.9022118	 11 10 10:27:03  2015
2.2359161	-11.571847	-1.1375713	 11 10 10:27:03  2015
3.726527	-13.219364	-1.8436501	 11 10 10:27:03  2015
3.3734875	-15.769093	0.1569064	 11 10 10:27:03  2015
1.6082906	-12.9447775	0.4314926	 11 10 10:27:03  2015
-0.0392266	-8.551398	-0.9414384	 11 10 10:27:03  2015
-1.176798	-4.0795665	-1.7259704	 11 10 10:27:03  2015
1.0591182	-1.2552512	-0.70607877	 11 10 10:27:03  2015
1.3337044	-0.4707192	0.35303938	 11 10 10:27:03  2015
1.6475172	-2.2751427	2.745862	 11 10 10:27:03  2015
1.1375713	-7.531507	7.6884136	 11 10 10:27:03  2015
1.8044236	-18.828768	10.316595	 11 10 10:27:03  2015
2.1182363	-15.808319	9.061344	 11 10 10:27:04  2015
2.3928225	-9.963556	7.4138274	 11 10 10:27:04  2015
4.3149257	-8.159133	7.531507	 11 10 10:27:04  2015
5.6094036	-9.022118	6.2762556	 11 10 10:27:04  2015
6.0408964	-11.258034	2.9027684	 11 10 10:27:04  2015
3.0596747	-14.003896	0.4314926	 11 10 10:27:04  2015
1.372931	-11.885659	-1.2944778	 11 10 10:27:04  2015
0.4314926	-8.551398	0.0392266	 11 10 10:27:04  2015
-0.0392266	-5.4524975	0.4314926	 11 10 10:27:04  2015
-0.35303938	-3.8442068	-0.35303938	 11 10 10:27:04  2015
-0.78453195	-7.2961473	-1.4906107	 11 10 10:27:04  2015
-1.7259704	-13.337044	-2.2359161	 11 10 10:27:04  2015
-2.4712758	-14.239256	-1.0983448	 11 10 10:27:04  2015
-0.74530536	-10.669635	0.4314926	 11 10 10:27:04  2015
1.4906107	-6.825428	0.8237586	 11 10 10:27:04  2015
2.745862	-4.8248715	1.3337044	 11 10 10:27:04  2015
2.0397832	-5.4132705	1.7651969	 11 10 10:27:04  2015
0.1176798	-7.256921	0.6276256	 11 10 10:27:04  2015
-1.5690639	-8.472945	-1.6867437	 11 10 10:27:04  2015
-1.7651969	-9.414384	-1.4906107	 11 10 10:27:04  2015
-1.3337044	-9.5320635	0.8629852	 11 10 10:27:04  2015
-0.8629852	-9.45361	1.7651969	 11 10 10:27:04  2015
-0.78453195	-9.57129	0.9414384	 11 10 10:27:04  2015
0.0784532	-10.042009	0.588399	 11 10 10:27:04  2015
0.2745862	-11.493394	0.1569064	 11 10 10:27:04  2015
-1.372931	-12.042566	-1.3337044	 11 10 10:27:04  2015
-2.9812214	-12.317152	-1.0983448	 11 10 10:27:04  2015
-2.7066352	-11.493394	-0.0	 11 10 10:27:04  2015
-1.9613299	-11.022675	0.9022118	 11 10 10:27:04  2015
-2.432049	-13.84699	0.2353596	 11 10 10:27:04  2015
-3.0596747	-15.063014	-0.98066497	 11 10 10:27:04  2015
-2.0397832	-13.101684	-1.9221034	 11 10 10:27:04  2015
0.19613299	-11.807206	-2.353596	 11 10 10:27:04  2015
0.19613299	-11.807206	-2.9812214	 11 10 10:27:04  2015
3.0204482	-12.591739	-2.745862	 11 10 10:27:04  2015
4.393379	-14.474615	-1.9221034	 11 10 10:27:04  2015
4.2364726	-16.004452	0.5491724	 11 10 10:27:04  2015
3.5303938	-15.102241	1.6082906	 11 10 10:27:04  2015
2.2359161	-13.219364	1.0591182	 11 10 10:27:04  2015
0.9414384	-11.258034	-0.2353596	 11 10 10:27:04  2015
-0.1176798	-9.139797	-0.8629852	 11 10 10:27:04  2015
-0.9022118	-7.4138274	-1.1375713	 11 10 10:27:04  2015
-1.2944778	-5.5309505	-1.372931	 11 10 10:27:04  2015
-0.5099458	-4.0795665	-1.0983448	 11 10 10:27:04  2015
0.78453195	-2.745862	-0.4707192	 11 10 10:27:04  2015
1.5298374	-1.5690639	0.2353596	 11 10 10:27:04  2015
1.372931	-0.5491724	0.8629852	 11 10 10:27:04  2015
0.8629852	-0.4314926	1.3337044	 11 10 10:27:04  2015
0.588399	-1.0591182	2.4712758	 11 10 10:27:04  2015
0.6668522	-2.353596	4.2364726	 11 10 10:27:04  2015
0.1176798	-5.4132705	6.3154826	 11 10 10:27:05  2015
-0.74530536	-12.670192	10.002783	 11 10 10:27:05  2015
0.74530536	-20.907778	10.9442215	 11 10 10:27:05  2015
2.353596	-18.867994	9.296704	 11 10 10:27:05  2015
3.6480737	-11.454167	7.4138274	 11 10 10:27:05  2015
5.1779113	-5.64863	6.3154826	 11 10 10:27:05  2015
5.8055367	-7.139241	6.1193495	 11 10 10:27:05  2015
6.354709	-9.5320635	3.0989013	 11 10 10:27:05  2015
3.80498	-12.474058	1.1375713	 11 10 10:27:05  2015
1.2552512	-14.435389	-0.2353596	 11 10 10:27:05  2015
0.39226598	-11.454167	0.19613299	 11 10 10:27:05  2015
0.1569064	-7.335374	0.5491724	 11 10 10:27:05  2015
-0.2353596	-4.589512	0.2745862	 11 10 10:27:05  2015
-0.74530536	-5.0210047	-0.8237586	 11 10 10:27:05  2015
-1.6867437	-9.767424	-1.8044236	 11 10 10:27:05  2015
-2.5105023	-13.6900835	-1.5690639	 11 10 10:27:05  2015
-1.9221034	-12.160246	-0.35303938	 11 10 10:27:05  2015
0.19613299	-8.355266	0.6668522	 11 10 10:27:05  2015
2.2751427	-5.64863	0.8237586	 11 10 10:27:05  2015
3.0204482	-5.4132705	1.6082906	 11 10 10:27:05  2015
1.7259704	-6.4723887	1.4513842	 11 10 10:27:05  2015
-0.1176798	-7.8453197	-0.98066497	 11 10 10:27:05  2015
-1.1375713	-8.747532	-2.5105023	 11 10 10:27:05  2015
-1.0983448	-9.296704	-0.2353596	 11 10 10:27:05  2015
-0.5491724	-9.335931	1.372931	 11 10 10:27:05  2015
-0.8237586	-9.92433	1.5298374	 11 10 10:27:05  2015
-0.4707192	-10.1989155	0.4314926	 11 10 10:27:05  2015
-0.39226598	-11.6503	0.1569064	 11 10 10:27:05  2015
-1.5690639	-12.474058	-0.74530536	 11 10 10:27:05  2015
-2.9027684	-12.434832	-0.9414384	 11 10 10:27:05  2015
-2.9027684	-11.571847	-0.2745862	 11 10 10:27:05  2015
-2.432049	-11.022675	0.35303938	 11 10 10:27:05  2015
-2.7850885	-13.6900835	-0.19613299	 11 10 10:27:05  2015
-3.1381278	-14.866881	-1.4121575	 11 10 10:27:05  2015
-1.8436501	-13.572403	-1.6475172	 11 10 10:27:05  2015
0.39226598	-11.964112	-1.6082906	 11 10 10:27:05  2015
3.2558076	-12.513285	-2.1574628	 11 10 10:27:05  2015
4.393379	-14.670748	-2.2751427	 11 10 10:27:05  2015
4.393379	-16.396719	-0.2745862	 11 10 10:27:05  2015
3.7657535	-15.3376	1.0983448	 11 10 10:27:05  2015
2.6674087	-13.6116295	0.8629852	 11 10 10:27:05  2015
1.5690639	-11.53262	-0.1569064	 11 10 10:27:05  2015
0.9022118	-9.414384	-0.9414384	 11 10 10:27:05  2015
0.0784532	-7.3746004	-1.1375713	 11 10 10:27:05  2015
-0.8237586	-5.217138	-1.4513842	 11 10 10:27:05  2015
-0.74530536	-3.216581	-1.5690639	 11 10 10:27:05  2015
0.19613299	-1.8436501	-0.9022118	 11 10 10:27:05  2015
1.0983448	-0.6276256	0.1176798	 11 10 10:27:05  2015
1.1375713	0.0392266	0.9022118	 11 10 10:27:05  2015
0.98066497	-0.5099458	1.4121575	 11 10 10:27:06  2015
1.0198916	-1.6475172	2.5105023	 11 10 10:27:06  2015
1.4906107	-3.2950344	4.118793	 11 10 10:27:06  2015
1.3337044	-6.7862015	5.88399	 11 10 10:27:06  2015
0.4314926	-12.827098	8.8652115	 11 10 10:27:06  2015
1.2160245	-18.554182	10.081236	 11 10 10:27:06  2015
2.1966896	-16.749758	9.45361	 11 10 10:27:06  2015
2.6281822	-11.846433	8.1983595	 11 10 10:27:06  2015
3.4911673	-7.4138274	6.6292953	 11 10 10:27:06  2015
5.0994577	-6.5116153	6.3939357	 11 10 10:27:06  2015
5.76631	-7.60996	4.9425516	 11 10 10:27:06  2015
5.962443	-9.68897	2.4712758	 11 10 10:27:06  2015
2.9812214	-14.082349	2.0790098	 11 10 10:27:06  2015
0.39226598	-14.474615	-0.2353596	 11 10 10:27:06  2015
-0.39226598	-10.669635	0.19613299	 11 10 10:27:06  2015
-0.78453195	-6.7862015	-0.19613299	 11 10 10:27:06  2015
-0.6276256	-4.5502853	-1.0198916	 11 10 10:27:06  2015
-1.0591182	-6.7077484	-2.0005565	 11 10 10:27:06  2015
-1.4906107	-11.689527	-1.7651969	 11 10 10:27:06  2015
-2.0790098	-13.297817	-0.588399	 11 10 10:27:06  2015
-0.4707192	-10.669635	0.78453195	 11 10 10:27:06  2015
1.372931	-7.4138274	0.74530536	 11 10 10:27:06  2015
2.5889556	-5.7270837	1.0591182	 11 10 10:27:06  2015
1.8828768	-5.76631	1.4121575	 11 10 10:27:06  2015
0.5491724	-6.943108	0.39226598	 11 10 10:27:06  2015
-0.78453195	-7.72764	-1.6082906	 11 10 10:27:06  2015
-1.3337044	-8.825985	-1.6475172	 11 10 10:27:06  2015
-1.2944778	-9.139797	0.19613299	 11 10 10:27:06  2015
-1.372931	-9.492837	1.0591182	 11 10 10:27:06  2015
-1.1375713	-9.728196	0.74530536	 11 10 10:27:06  2015
-0.0	-10.591182	0.6668522	 11 10 10:27:06  2015
0.19613299	-11.885659	0.2353596	 11 10 10:27:06  2015
-1.2552512	-12.199472	-1.0198916	 11 10 10:27:06  2015
-2.7850885	-12.042566	-0.9022118	 11 10 10:27:06  2015
-2.8635418	-11.258034	-0.0784532	 11 10 10:27:06  2015
-3.0989013	-11.179581	0.2745862	 11 10 10:27:06  2015
-3.2950344	-14.317709	-0.2353596	 11 10 10:27:06  2015
-3.2950344	-13.886216	-0.2353596	 11 10 10:27:06  2015
-3.0596747	-14.278482	-0.98066497	 11 10 10:27:06  2015
-1.4121575	-13.49395	-1.1375713	 11 10 10:27:06  2015
1.0198916	-12.199472	-1.372931	 11 10 10:27:06  2015
3.80498	-12.434832	-1.8436501	 11 10 10:27:06  2015
4.3541527	-13.6900835	-1.8436501	 11 10 10:27:06  2015
3.6873002	-15.376827	-0.0	 11 10 10:27:06  2015
2.8635418	-15.298373	1.4906107	 11 10 10:27:06  2015
2.0397832	-14.043122	1.1375713	 11 10 10:27:06  2015
1.2552512	-11.846433	0.0392266	 11 10 10:27:06  2015
0.78453195	-9.57129	-0.588399	 11 10 10:27:06  2015
-0.0392266	-7.5707335	-1.0591182	 11 10 10:27:06  2015
-0.8629852	-5.6094036	-1.372931	 11 10 10:27:06  2015
-0.6668522	-3.6873002	-1.372931	 11 10 10:27:07  2015
0.3138128	-2.3143694	-0.6668522	 11 10 10:27:07  2015
1.0983448	-1.2160245	0.2745862	 11 10 10:27:07  2015
1.0198916	-0.588399	0.78453195	 11 10 10:27:07  2015
1.0983448	-0.78453195	1.2944778	 11 10 10:27:07  2015
1.176798	-1.372931	2.3928225	 11 10 10:27:07  2015
1.4121575	-2.7066352	4.118793	 11 10 10:27:07  2015
1.1375713	-5.76631	6.0408964	 11 10 10:27:07  2015
0.2353596	-11.76798	9.257478	 11 10 10:27:07  2015
0.9414384	-17.965782	10.042009	 11 10 10:27:07  2015
2.1182363	-17.298931	9.061344	 11 10 10:27:07  2015
2.6674087	-12.513285	7.8453197	 11 10 10:27:07  2015
3.5696206	-8.159133	6.4723887	 11 10 10:27:07  2015
5.0210047	-8.943665	6.6292953	 11 10 10:27:07  2015
5.6094036	-10.904995	4.5502853	 11 10 10:27:07  2015
4.118793	-12.827098	2.1182363	 11 10 10:27:07  2015
2.2359161	-12.630965	-0.0784532	 11 10 10:27:07  2015
0.98066497	-9.885103	0.4314926	 11 10 10:27:07  2015
0.1569064	-7.335374	0.8629852	 11 10 10:27:07  2015
-0.5491724	-5.295591	-0.2353596	 11 10 10:27:07  2015
-1.0983448	-5.6094036	-1.8436501	 11 10 10:27:07  2015
-2.5889556	-14.474615	-1.0198916	 11 10 10:27:07  2015
0.3138128	-8.159133	1.4513842	 11 10 10:27:07  2015
2.745862	-5.1779113	1.8044236	 11 10 10:27:07  2015
1.4513842	-6.550842	1.372931	 11 10 10:27:07  2015
-0.39226598	-8.119906	-0.5491724	 11 10 10:27:07  2015
-1.4513842	-8.786758	-2.5497289	 11 10 10:27:07  2015
-1.6475172	-9.68897	-0.9022118	 11 10 10:27:07  2015
-1.372931	-9.845877	1.5298374	 11 10 10:27:07  2015
-1.6475172	-9.57129	1.8828768	 11 10 10:27:07  2015
-1.5690639	-9.335931	0.3138128	 11 10 10:27:07  2015
-0.39226598	-10.512729	0.4707192	 11 10 10:27:07  2015
-0.35303938	-11.689527	-0.0	 11 10 10:27:07  2015
-1.7259704	-12.081793	-1.2944778	 11 10 10:27:07  2015
-2.353596	-11.885659	-0.9414384	 11 10 10:27:07  2015
-1.5298374	-11.101128	0.0392266	 11 10 10:27:07  2015
-1.2160245	-11.061901	0.70607877	 11 10 10:27:07  2015
-2.0790098	-14.317709	0.3138128	 11 10 10:27:07  2015
-2.7850885	-14.827655	-0.70607877	 11 10 10:27:07  2015
-1.6867437	-12.787871	-1.0983448	 11 10 10:27:07  2015
2.6281822	-11.101128	-1.7259704	 11 10 10:27:07  2015
3.1773546	-12.827098	-2.2751427	 11 10 10:27:07  2015
2.7066352	-15.0237875	-0.8629852	 11 10 10:27:07  2015
2.1966896	-15.3376	0.9022118	 11 10 10:27:07  2015
1.7651969	-14.278482	0.98066497	 11 10 10:27:07  2015
0.98066497	-12.356379	0.2353596	 11 10 10:27:08  2015
0.588399	-10.042009	-0.19613299	 11 10 10:27:08  2015
-0.0	-8.119906	-0.74530536	 11 10 10:27:08  2015
-0.588399	-6.1978025	-1.0198916	 11 10 10:27:08  2015
-0.8237586	-4.4718323	-1.2552512	 11 10 10:27:08  2015
-0.1176798	-3.0989013	-0.98066497	 11 10 10:27:08  2015
0.98066497	-2.1966896	-0.2353596	 11 10 10:27:08  2015
1.4513842	-1.6082906	0.35303938	 11 10 10:27:08  2015
1.5298374	-1.8044236	0.8629852	 11 10 10:27:08  2015
1.6082906	-2.3143694	1.7651969	 11 10 10:27:08  2015
2.0790098	-2.8635418	3.2950344	 11 10 10:27:08  2015
2.1182363	-3.9226599	5.217138	 11 10 10:27:08  2015
1.2944778	-7.1784678	7.2961473	 11 10 10:27:08  2015
0.74530536	-13.84699	10.002783	 11 10 10:27:08  2015
2.1966896	-19.14258	9.061344	 11 10 10:27:08  2015
2.432049	-16.475172	8.080679	 11 10 10:27:08  2015
2.7066352	-10.512729	6.668522	 11 10 10:27:08  2015
3.9618864	-7.60996	6.6292953	 11 10 10:27:08  2015
4.589512	-8.551398	6.2762556	 11 10 10:27:08  2015
4.393379	-10.159689	3.2950344	 11 10 10:27:08  2015
2.3928225	-11.846433	1.2944778	 11 10 10:27:08  2015
0.9414384	-12.042566	-0.0784532	 11 10 10:27:08  2015
0.1176798	-9.649743	0.39226598	 11 10 10:27:08  2015
0.0784532	-6.746975	0.6668522	 11 10 10:27:08  2015
0.1569064	-4.4326057	-0.1176798	 11 10 10:27:08  2015
-0.3138128	-6.0408964	-1.372931	 11 10 10:27:08  2015
-1.5690639	-11.258034	-1.9221034	 11 10 10:27:08  2015
-2.2751427	-13.84699	-0.9022118	 11 10 10:27:08  2015
-0.98066497	-11.728753	0.4707192	 11 10 10:27:08  2015
1.0198916	-8.159133	1.1375713	 11 10 10:27:08  2015
2.3928225	-6.00167	1.0198916	 11 10 10:27:08  2015
2.0005565	-6.1193495	1.4121575	 11 10 10:27:08  2015
0.4314926	-7.2176943	1.3337044	 11 10 10:27:08  2015
-0.9022118	-8.276813	-0.0392266	 11 10 10:27:08  2015
-1.4513842	-8.394492	-1.4121575	 11 10 10:27:08  2015
-1.7259704	-8.825985	-1.0591182	 11 10 10:27:08  2015
-1.5690639	-9.139797	0.8629852	 11 10 10:27:08  2015
-1.5298374	-9.335931	1.9221034	 11 10 10:27:08  2015
-1.5690639	-9.68897	1.1375713	 11 10 10:27:08  2015
-0.2745862	-10.159689	0.6276256	 11 10 10:27:08  2015
0.39226598	-10.9442215	0.1176798	 11 10 10:27:08  2015
0.39226598	-10.9442215	-1.1375713	 11 10 10:27:08  2015
-1.1375713	-11.728753	-1.0198916	 11 10 10:27:08  2015
-2.7850885	-11.924886	-1.0591182	 11 10 10:27:08  2015
-2.7066352	-11.218807	-0.2745862	 11 10 10:27:08  2015
-2.7066352	-10.904995	-0.0	 11 10 10:27:08  2015
-3.4519408	-13.533176	-0.35303938	 11 10 10:27:08  2015
-3.334261	-14.474615	-1.176798	 11 10 10:27:08  2015
-1.7651969	-14.043122	-1.176798	 11 10 10:27:08  2015
0.5491724	-12.317152	-1.3337044	 11 10 10:27:08  2015
2.9027684	-11.336487	-1.3337044	 11 10 10:27:09  2015
4.275699	-11.964112	-1.5690639	 11 10 10:27:09  2015
3.9226599	-13.533176	-1.2160245	 11 10 10:27:09  2015
3.0596747	-15.102241	0.1569064	 11 10 10:27:09  2015
2.2359161	-14.3569355	0.98066497	 11 10 10:27:09  2015
1.4121575	-12.474058	0.5099458	 11 10 10:27:09  2015
0.8629852	-10.002783	0.2745862	 11 10 10:27:09  2015
0.588399	-8.237586	-0.0784532	 11 10 10:27:09  2015
-0.0392266	-6.7862015	-0.78453195	 11 10 10:27:09  2015
-0.5099458	-5.2563643	-1.2160245	 11 10 10:27:09  2015
0.1569064	-4.197246	-0.8629852	 11 10 10:27:09  2015
0.9022118	-3.0989013	0.0392266	 11 10 10:27:09  2015
1.2552512	-2.353596	0.74530536	 11 10 10:27:09  2015
1.4906107	-2.1966896	1.2552512	 11 10 10:27:09  2015
1.6475172	-2.824315	1.7259704	 11 10 10:27:09  2015
1.8436501	-3.3734875	2.9812214	 11 10 10:27:09  2015
2.1182363	-4.5502853	4.589512	 11 10 10:27:09  2015
1.8436501	-7.1784678	6.433162	 11 10 10:27:09  2015
1.2160245	-10.316595	8.316039	 11 10 10:27:09  2015
1.176798	-13.84699	9.179024	 11 10 10:27:09  2015
1.4513842	-14.082349	8.551398	 11 10 10:27:09  2015
2.0790098	-11.924886	7.453054	 11 10 10:27:09  2015
3.334261	-9.022118	5.962443	 11 10 10:27:09  2015
5.374044	-8.825985	5.88399	 11 10 10:27:09  2015
6.3939357	-9.5320635	5.0210047	 11 10 10:27:09  2015
5.2563643	-12.552511	3.412714	 11 10 10:27:09  2015
2.1574628	-14.709974	2.2751427	 11 10 10:27:09  2015
-0.39226598	-11.807206	0.4707192	 11 10 10:27:09  2015
-1.176798	-7.7668667	0.1569064	 11 10 10:27:09  2015
-1.2160245	-4.8248715	-0.1176798	 11 10 10:27:09  2015
-1.3337044	-4.3149257	-1.0983448	 11 10 10:27:09  2015
-1.5298374	-8.472945	-1.4121575	 11 10 10:27:09  2015
-1.2552512	-14.003896	-0.98066497	 11 10 10:27:09  2015
-0.98066497	-13.454723	0.5491724	 11 10 10:27:09  2015
1.0198916	-9.767424	1.8828768	 11 10 10:27:09  2015
2.824315	-6.943108	1.2944778	 11 10 10:27:09  2015
2.9812214	-5.88399	0.98066497	 11 10 10:27:09  2015
1.4513842	-6.7862015	1.176798	 11 10 10:27:09  2015
-0.39226598	-8.276813	0.8629852	 11 10 10:27:09  2015
-1.3337044	-8.825985	0.1569064	 11 10 10:27:09  2015
-1.2552512	-8.394492	-0.588399	 11 10 10:27:09  2015
-1.0591182	-8.316039	-0.70607877	 11 10 10:27:09  2015
-0.74530536	-8.316039	0.74530536	 11 10 10:27:09  2015
-0.74530536	-8.629851	0.74530536	 11 10 10:27:09  2015
-0.74530536	-8.982891	1.7651969	 11 10 10:27:09  2015
-0.4314926	-9.610517	1.372931	 11 10 10:27:09  2015
0.4707192	-10.630408	0.78453195	 11 10 10:27:09  2015
0.2353596	-11.728753	0.0392266	 11 10 10:27:09  2015
-1.6867437	-11.885659	-0.8237586	 11 10 10:27:09  2015
-2.7066352	-11.6110735	-0.6276256	 11 10 10:27:09  2015
-2.5497289	-11.218807	-0.0784532	 11 10 10:27:10  2015
-2.353596	-13.572403	0.19613299	 11 10 10:27:10  2015
-2.353596	-14.631521	-0.588399	 11 10 10:27:10  2015
-2.353596	-13.925443	-0.78453195	 11 10 10:27:10  2015
-1.0591182	-12.395605	-1.6082906	 11 10 10:27:10  2015
1.5298374	-11.336487	-1.8044236	 11 10 10:27:10  2015
3.726527	-12.160246	-1.5690639	 11 10 10:27:10  2015
4.0795665	-13.886216	-1.0198916	 11 10 10:27:10  2015
3.216581	-14.474615	0.2745862	 11 10 10:27:10  2015
2.1182363	-13.650856	1.0983448	 11 10 10:27:10  2015
1.0591182	-12.081793	0.8629852	 11 10 10:27:10  2015
0.2353596	-10.238142	0.2745862	 11 10 10:27:10  2015
-0.2353596	-8.669079	-0.9022118	 11 10 10:27:10  2015
-0.6668522	-7.2176943	-1.4513842	 11 10 10:27:10  2015
-0.8237586	-5.6878567	-1.0198916	 11 10 10:27:10  2015
-0.3138128	-4.628739	-0.39226598	 11 10 10:27:10  2015
0.9022118	-3.8834333	0.5099458	 11 10 10:27:10  2015
1.8436501	-3.4911673	1.4513842	 11 10 10:27:10  2015
2.1182363	-3.4911673	1.8828768	 11 10 10:27:10  2015
1.7651969	-3.7657535	1.9221034	 11 10 10:27:10  2015
1.4906107	-4.118793	2.0790098	 11 10 10:27:10  2015
1.2944778	-4.3541527	2.432049	 11 10 10:27:10  2015
1.0983448	-5.1779113	3.1773546	 11 10 10:27:10  2015
0.9022118	-7.256921	4.707192	 11 10 10:27:10  2015
0.74530536	-11.76798	7.4138274	 11 10 10:27:10  2015
0.98066497	-16.475172	8.355266	 11 10 10:27:10  2015
1.4906107	-16.122131	7.5707335	 11 10 10:27:10  2015
2.2751427	-11.885659	6.433162	 11 10 10:27:10  2015
3.9618864	-8.512172	6.1978025	 11 10 10:27:10  2015
5.0210047	-9.139797	6.1978025	 11 10 10:27:10  2015
5.0210047	-11.29726	3.9618864	 11 10 10:27:10  2015
2.6281822	-13.572403	2.2751427	 11 10 10:27:10  2015
0.9414384	-13.807763	0.5099458	 11 10 10:27:10  2015
0.4314926	-9.885103	0.5491724	 11 10 10:27:10  2015
0.4314926	-5.6878567	1.0591182	 11 10 10:27:10  2015
0.2353596	-3.2558076	1.0983448	 11 10 10:27:10  2015
-0.4314926	-4.589512	0.1569064	 11 10 10:27:10  2015
-2.1574628	-10.042009	-1.0198916	 11 10 10:27:10  2015
-3.412714	-14.474615	-0.8629852	 11 10 10:27:10  2015
-2.353596	-13.180138	0.78453195	 11 10 10:27:10  2015
-0.6668522	-9.610517	1.372931	 11 10 10:27:10  2015
1.4906107	-7.1784678	0.98066497	 11 10 10:27:10  2015
1.2160245	-6.825428	1.2552512	 11 10 10:27:10  2015
1.0983448	-7.6884136	0.5491724	 11 10 10:27:10  2015
0.39226598	-8.316039	-0.4707192	 11 10 10:27:10  2015
0.2353596	-8.982891	-0.5491724	 11 10 10:27:10  2015
-0.2353596	-8.394492	-0.2745862	 11 10 10:27:10  2015
-0.2745862	-9.100571	0.19613299	 11 10 10:27:10  2015
0.4707192	-8.002226	1.6867437	 11 10 10:27:11  2015
-0.0392266	-10.591182	-0.0784532	 11 10 10:27:11  2015
-1.5298374	-10.669635	-1.0198916	 11 10 10:27:11  2015
-1.0198916	-11.101128	-0.0392266	 11 10 10:27:11  2015
-0.9414384	-11.140354	0.8237586	 11 10 10:27:11  2015
-1.2944778	-12.709418	0.0784532	 11 10 10:27:11  2015
-2.1182363	-14.082349	-0.8237586	 11 10 10:27:11  2015
-2.353596	-14.3569355	-1.4513842	 11 10 10:27:11  2015
-0.74530536	-12.9447775	-1.2160245	 11 10 10:27:11  2015
1.7651969	-11.924886	-1.1375713	 11 10 10:27:11  2015
3.334261	-11.53262	-0.9414384	 11 10 10:27:11  2015
3.216581	-11.258034	-0.5491724	 11 10 10:27:11  2015
2.353596	-11.375713	0.0392266	 11 10 10:27:11  2015
1.3337044	-11.885659	0.2353596	 11 10 10:27:11  2015
0.588399	-11.375713	-0.0	 11 10 10:27:11  2015
1.8828768	-9.610517	-0.1176798	 11 10 10:27:11  2015
0.5099458	-8.316039	0.1176798	 11 10 10:27:11  2015
-1.5690639	-8.119906	0.4314926	 11 10 10:27:11  2015
-1.0198916	-7.806093	0.0392266	 11 10 10:27:11  2015
-0.70607877	-7.6884136	0.0392266	 11 10 10:27:11  2015
0.3138128	-6.943108	0.78453195	 11 10 10:27:11  2015
1.2552512	-6.3939357	1.6475172	 11 10 10:27:11  2015
1.7651969	-6.354709	1.7651969	 11 10 10:27:11  2015
1.5298374	-6.5116153	2.3143694	 11 10 10:27:11  2015
0.74530536	-6.3939357	3.0989013	 11 10 10:27:11  2015
0.4707192	-6.4723887	3.80498	 11 10 10:27:11  2015
0.5099458	-6.2762556	3.6088471	 11 10 10:27:11  2015
0.6276256	-6.237029	3.2950344	 11 10 10:27:11  2015
0.35303938	-6.3154826	3.3734875	 11 10 10:27:11  2015
0.19613299	-6.943108	4.1580195	 11 10 10:27:11  2015
0.2745862	-8.276813	4.4326057	 11 10 10:27:11  2015
0.2353596	-10.120462	4.864098	 11 10 10:27:11  2015
-0.0784532	-11.728753	5.374044	 11 10 10:27:11  2015
-0.1569064	-11.454167	5.1779113	 11 10 10:27:11  2015
1.2944778	-10.395049	4.628739	 11 10 10:27:11  2015
2.5105023	-10.316595	4.511059	 11 10 10:27:11  2015
3.5696206	-11.454167	4.4326057	 11 10 10:27:11  2015
4.7464185	-13.140911	2.7850885	 11 10 10:27:11  2015
3.2950344	-13.219364	1.9221034	 11 10 10:27:11  2015
2.0790098	-11.571847	1.4121575	 11 10 10:27:11  2015
1.2552512	-8.629851	1.0591182	 11 10 10:27:11  2015
1.2552512	-6.354709	1.2160245	 11 10 10:27:11  2015
0.74530536	-5.5309505	1.2552512	 11 10 10:27:11  2015
-0.0784532	-7.4138274	0.3138128	 11 10 10:27:11  2015
-0.70607877	-7.4138274	-0.74530536	 11 10 10:27:11  2015
-0.6668522	-10.316595	-0.74530536	 11 10 10:27:11  2015
-0.8237586	-11.218807	-0.4314926	 11 10 10:27:12  2015
-0.588399	-10.277369	0.6668522	 11 10 10:27:12  2015
0.588399	-8.825985	1.2160245	 11 10 10:27:12  2015
1.6082906	-7.963	0.70607877	 11 10 10:27:12  2015
1.2160245	-8.825985	0.588399	 11 10 10:27:12  2015
0.1176798	-9.963556	-0.0392266	 11 10 10:27:12  2015
-0.1569064	-10.1989155	-0.0784532	 11 10 10:27:12  2015
-0.1569064	-9.885103	0.3138128	 11 10 10:27:12  2015
-0.1176798	-9.649743	0.74530536	 11 10 10:27:12  2015
0.0784532	-9.845877	-0.1176798	 11 10 10:27:12  2015
-0.98066497	-8.669079	0.39226598	 11 10 10:27:12  2015
-1.176798	-9.218251	0.4707192	 11 10 10:27:12  2015
-0.78453195	-8.708305	-0.0	 11 10 10:27:12  2015
-0.70607877	-8.002226	0.1176798	 11 10 10:27:12  2015
-0.6668522	-8.629851	0.39226598	 11 10 10:27:12  2015
-0.74530536	-9.139797	0.74530536	 11 10 10:27:12  2015
-0.8629852	-9.649743	0.8237586	 11 10 10:27:12  2015
-0.6668522	-10.434276	0.6276256	 11 10 10:27:12  2015
-1.2944778	-9.92433	-0.2745862	 11 10 10:27:12  2015
-1.6475172	-10.002783	-0.39226598	 11 10 10:27:12  2015
-0.9022118	-10.1989155	0.1176798	 11 10 10:27:12  2015
-0.35303938	-10.238142	0.39226598	 11 10 10:27:12  2015
-0.4707192	-11.336487	-0.0	 11 10 10:27:12  2015
-1.2552512	-12.513285	-0.4707192	 11 10 10:27:12  2015
-1.4906107	-12.709418	-1.1375713	 11 10 10:27:12  2015
-1.8044236	-12.434832	-1.7651969	 11 10 10:27:12  2015
-2.0397832	-12.317152	-2.0790098	 11 10 10:27:12  2015
-1.5298374	-11.924886	-1.7651969	 11 10 10:27:12  2015
-0.78453195	-11.179581	-0.9414384	 11 10 10:27:12  2015
-0.19613299	-11.061901	-0.19613299	 11 10 10:27:12  2015
0.2745862	-10.9442215	-0.1176798	 11 10 10:27:12  2015
-0.0392266	-10.708861	0.1176798	 11 10 10:27:12  2015
0.4707192	-10.1989155	-0.1176798	 11 10 10:27:12  2015
0.35303938	-9.296704	0.0784532	 11 10 10:27:12  2015
-0.0	-8.041452	-0.0	 11 10 10:27:12  2015
0.3138128	-7.2961473	-0.1176798	 11 10 10:27:12  2015
0.4707192	-7.139241	-0.35303938	 11 10 10:27:12  2015
0.39226598	-7.7668667	-0.5099458	 11 10 10:27:12  2015
0.0784532	-7.6884136	-0.0	 11 10 10:27:12  2015
-0.3138128	-7.2176943	0.2745862	 11 10 10:27:12  2015
-0.2353596	-7.139241	0.4707192	 11 10 10:27:12  2015
-0.0392266	-8.159133	1.1375713	 11 10 10:27:12  2015
0.2353596	-9.061344	1.6867437	 11 10 10:27:12  2015
1.4906107	-9.492837	1.8436501	 11 10 10:27:12  2015
1.4906107	-9.45361	2.3928225	 11 10 10:27:12  2015
0.588399	-8.472945	2.3928225	 11 10 10:27:12  2015
-0.0	-7.8845463	2.6674087	 11 10 10:27:12  2015
-0.4314926	-7.923773	3.2950344	 11 10 10:27:12  2015
-0.5099458	-8.472945	3.6088471	 11 10 10:27:12  2015
-0.8237586	-8.512172	3.8834333	 11 10 10:27:12  2015
-1.0198916	-8.512172	3.8834333	 11 10 10:27:12  2015
-1.0198916	-8.982891	3.8834333	 11 10 10:27:13  2015
-1.2944778	-9.375157	3.9618864	 11 10 10:27:13  2015
-1.0983448	-9.68897	4.197246	 11 10 10:27:13  2015
-0.3138128	-9.767424	4.118793	 11 10 10:27:13  2015
0.1569064	-9.179024	3.8442068	 11 10 10:27:13  2015
0.4707192	-9.061344	3.7657535	 11 10 10:27:13  2015
0.4314926	-9.728196	2.824315	 11 10 10:27:13  2015
-0.0392266	-10.8657675	1.4906107	 11 10 10:27:13  2015
-0.4707192	-12.00334	0.19613299	 11 10 10:27:13  2015
-0.5099458	-12.709418	0.6668522	 11 10 10:27:13  2015
0.35303938	-11.571847	1.6082906	 11 10 10:27:13  2015
0.35303938	-10.551955	2.0005565	 11 10 10:27:13  2015
0.1176798	-9.728196	2.0005565	 11 10 10:27:13  2015
-0.98066497	-9.80665	1.5690639	 11 10 10:27:13  2015
-1.6082906	-9.492837	0.74530536	 11 10 10:27:13  2015
-2.1966896	-9.5320635	0.4707192	 11 10 10:27:13  2015
-1.9613299	-9.610517	0.9414384	 11 10 10:27:13  2015
-1.7259704	-10.159689	1.6082906	 11 10 10:27:13  2015
-1.5298374	-9.92433	1.8436501	 11 10 10:27:13  2015
-1.6475172	-9.061344	1.0198916	 11 10 10:27:13  2015
-1.3337044	-9.022118	1.1375713	 11 10 10:27:13  2015
-1.9613299	-9.179024	0.74530536	 11 10 10:27:13  2015
-2.1182363	-8.786758	0.5099458	 11 10 10:27:13  2015
-2.1574628	-9.767424	1.176798	 11 10 10:27:13  2015
-2.432049	-9.5320635	1.4906107	 11 10 10:27:13  2015
-2.5497289	-9.492837	1.8828768	 11 10 10:27:13  2015
-2.432049	-8.943665	1.9221034	 11 10 10:27:13  2015
-2.7850885	-9.100571	0.9022118	 11 10 10:27:13  2015
-2.824315	-9.022118	1.2160245	 11 10 10:27:13  2015
-2.7066352	-8.629851	1.4513842	 11 10 10:27:13  2015
-2.8635418	-9.649743	0.74530536	 11 10 10:27:13  2015
-2.824315	-9.218251	0.5099458	 11 10 10:27:13  2015
-3.1773546	-9.80665	-0.5099458	 11 10 10:27:13  2015
-3.5303938	-8.904438	1.6082906	 11 10 10:27:13  2015
-4.3541527	-9.610517	2.6281822	 11 10 10:27:13  2015
-4.001113	-8.904438	0.0784532	 11 10 10:27:13  2015
-3.5696206	-8.551398	0.4314926	 11 10 10:27:13  2015
-4.1580195	-8.825985	0.588399	 11 10 10:27:13  2015
-4.589512	-9.296704	0.19613299	 11 10 10:27:13  2015
-4.8248715	-9.649743	-0.0392266	 11 10 10:27:13  2015
-4.589512	-9.68897	-0.4707192	 11 10 10:27:13  2015
-3.8442068	-9.57129	-0.35303938	 11 10 10:27:13  2015
-3.216581	-9.68897	0.1569064	 11 10 10:27:13  2015
-3.412714	-10.395049	0.6276256	 11 10 10:27:13  2015
-3.2558076	-10.1989155	0.6276256	 11 10 10:27:13  2015
-2.941995	-9.767424	0.588399	 11 10 10:27:13  2015
-2.3928225	-9.68897	0.588399	 11 10 10:27:13  2015
-2.3143694	-9.649743	0.78453195	 11 10 10:27:13  2015
-2.7850885	-9.728196	0.74530536	 11 10 10:27:13  2015
-2.353596	-9.218251	0.9414384	 11 10 10:27:14  2015
-2.3143694	-9.061344	0.9022118	 11 10 10:27:14  2015
-2.432049	-9.061344	1.176798	 11 10 10:27:14  2015
-2.432049	-8.747532	1.176798	 11 10 10:27:14  2015
-2.5497289	-8.590625	1.2552512	 11 10 10:27:14  2015
-2.745862	-8.629851	1.6475172	 11 10 10:27:14  2015
-2.7850885	-8.747532	1.4906107	 11 10 10:27:14  2015
-2.9027684	-8.8652115	1.1375713	 11 10 10:27:14  2015
-2.7850885	-8.708305	1.0198916	 11 10 10:27:14  2015
-2.5889556	-8.472945	1.1375713	 11 10 10:27:14  2015
-2.432049	-8.080679	1.2160245	 11 10 10:27:14  2015
-2.2359161	-7.531507	1.372931	 11 10 10:27:14  2015
-2.3143694	-6.943108	1.8436501	 11 10 10:27:14  2015
-2.0790098	-6.550842	2.0005565	 11 10 10:27:14  2015
-2.1182363	-6.9823346	2.1182363	 11 10 10:27:14  2015
-1.9221034	-7.3746004	2.1966896	 11 10 10:27:14  2015
-1.9221034	-7.2961473	2.3928225	 11 10 10:27:14  2015
-0.8629852	-7.335374	3.7657535	 11 10 10:27:14  2015
-0.70607877	-7.923773	4.0403395	 11 10 10:27:14  2015
-0.9414384	-8.433719	4.9425516	 11 10 10:27:14  2015
-0.5099458	-7.8845463	5.0994577	 11 10 10:27:14  2015
-1.8436501	-8.512172	5.7270837	 11 10 10:27:14  2015
-1.7651969	-8.316039	5.4524975	 11 10 10:27:14  2015
-0.5099458	-7.5707335	4.981778	 11 10 10:27:14  2015
-0.0392266	-7.963	6.7077484	 11 10 10:27:14  2015
-0.39226598	-6.668522	6.00167	 11 10 10:27:14  2015
-1.4513842	-6.3154826	5.76631	 11 10 10:27:14  2015
-1.7259704	-6.00167	6.3154826	 11 10 10:27:14  2015
-0.4707192	-6.2762556	8.669079	 11 10 10:27:14  2015
-1.3337044	-7.4922805	7.4922805	 11 10 10:27:14  2015
-0.8629852	-6.9823346	8.119906	 11 10 10:27:14  2015
-1.0591182	-6.668522	7.72764	 11 10 10:27:14  2015
-1.4121575	-6.668522	7.5707335	 11 10 10:27:14  2015
-1.1375713	-6.1978025	7.60996	 11 10 10:27:14  2015
-1.2552512	-6.590069	7.0607877	 11 10 10:27:14  2015
-1.176798	-6.1978025	7.453054	 11 10 10:27:14  2015
-0.98066497	-5.295591	8.355266	 11 10 10:27:14  2015
-0.9022118	-5.0210047	5.8447633	 11 10 10:27:14  2015
-2.0790098	-5.6094036	8.433719	 11 10 10:27:14  2015
-1.5298374	-5.5309505	9.335931	 11 10 10:27:15  2015
