1.436521	9.5385	1.1875241	 11 12 22:11:52  2015
1.6089035	9.423578	1.4748282	 11 12 22:11:52  2015
1.6089035	9.155427	1.7046716	 11 12 22:11:52  2015
1.4556746	9.289502	1.4556746	 11 12 22:11:52  2015
1.340753	9.385271	1.3982137	 11 12 22:11:52  2015
1.4939818	9.481039	1.283292	 11 12 22:11:52  2015
1.5514427	9.232041	1.6280571	 11 12 22:11:52  2015
1.5897499	9.021352	1.685518	 11 12 22:11:52  2015
1.4939818	9.11712	1.532289	 11 12 22:11:52  2015
1.6472107	9.232041	1.4173675	 11 12 22:11:52  2015
1.6089035	9.557653	1.6280571	 11 12 22:11:52  2015
1.6280571	9.576807	1.7046716	 11 12 22:11:52  2015
1.6089035	9.500193	1.4939818	 11 12 22:11:52  2015
1.3215994	9.404425	1.436521	 11 12 22:11:52  2015
1.7621324	9.423578	1.9536686	 11 12 22:11:52  2015
1.9536686	9.136273	1.1683705	 11 12 22:11:52  2015
1.340753	9.11712	1.6663644	 11 12 22:11:52  2015
1.6280571	9.232041	1.436521	 11 12 22:11:52  2015
1.7621324	9.5385	1.340753	 11 12 22:11:52  2015
1.7621324	9.404425	1.6089035	 11 12 22:11:52  2015
1.8387469	9.232041	1.7621324	 11 12 22:11:52  2015
1.934515	8.983045	2.0111294	 11 12 22:11:52  2015
1.9919758	9.021352	1.0151415	 11 12 22:11:52  2015
1.3215994	9.921572	0.1340753	 11 12 22:11:52  2015
0.82360536	10.093954	0.19153613	 11 12 22:11:52  2015
1.3982137	9.423578	0.8810662	 11 12 22:11:52  2015
1.4748282	9.346964	1.0726024	 11 12 22:11:52  2015
1.4173675	9.193734	1.2066777	 11 12 22:11:52  2015
1.4556746	8.561666	1.0342951	 11 12 22:11:52  2015
1.7046716	6.8569937	1.1109096	 11 12 22:11:52  2015
1.0726024	6.895301	1.5897499	 11 12 22:11:52  2015
1.3215994	7.7572136	1.2641385	 11 12 22:11:52  2015
1.4748282	8.2169	1.3599066	 11 12 22:11:52  2015
1.2258313	9.136273	0.40222588	 11 12 22:11:52  2015
1.3599066	8.829816	0.22984336	 11 12 22:11:52  2015
0.91937345	9.078813	1.7621324	 11 12 22:11:52  2015
0.47884035	9.787497	1.4173675	 11 12 22:11:52  2015
0.2873042	9.136273	0.90021986	 11 12 22:11:52  2015
1.5705963	9.442732	1.8770541	 11 12 22:11:52  2015
1.5705963	9.595961	1.5897499	 11 12 22:11:52  2015
0.36391866	9.691729	0.63206923	 11 12 22:11:52  2015
1.7046716	9.80665	1.9153614	 11 12 22:11:53  2015
1.685518	9.3661175	0.11492168	 11 12 22:11:53  2015
0.842759	10.093954	-1.5514427	 11 12 22:11:53  2015
1.9728222	11.128249	0.22984336	 11 12 22:11:53  2015
1.283292	11.760319	0.7278373	 11 12 22:11:53  2015
-1.7238252	10.5919485	1.2258313	 11 12 22:11:53  2015
-1.7238252	9.883265	-0.36391866	 11 12 22:11:53  2015
-1.0342951	10.28549	-1.0534488	 11 12 22:11:53  2015
-0.9768343	10.151415	0.19153613	 11 12 22:11:53  2015
-0.7278373	9.710882	-0.38307226	 11 12 22:11:53  2015
-0.34476504	9.864111	0.0	 11 12 22:11:53  2015
-0.22984336	9.595961	0.1340753	 11 12 22:11:53  2015
-0.2873042	8.695741	0.5746084	 11 12 22:11:53  2015
-0.2681506	8.963891	0.49799395	 11 12 22:11:53  2015
-0.4213795	9.078813	0.11492168	 11 12 22:11:53  2015
-0.2681506	8.848969	-0.93852705	 11 12 22:11:53  2015
-0.019153614	9.615114	-0.47884035	 11 12 22:11:53  2015
-0.49799395	10.342952	-0.32561144	 11 12 22:11:53  2015
-1.1109096	10.323798	-0.11492168	 11 12 22:11:53  2015
-1.4748282	11.109096	-0.1340753	 11 12 22:11:53  2015
-1.8579005	11.032481	0.19153613	 11 12 22:11:53  2015
-1.9728222	10.879252	-0.5746084	 11 12 22:11:53  2015
-1.5514427	10.726024	-0.8619126	 11 12 22:11:53  2015
-1.5131354	9.691729	0.05746084	 11 12 22:11:53  2015
-1.7429788	9.5385	0.24899697	 11 12 22:11:53  2015
-1.4939818	10.055647	-0.21068975	 11 12 22:11:53  2015
-0.91937345	10.266336	-0.019153614	 11 12 22:11:53  2015
0.8619126	8.312668	2.815581	 11 12 22:11:53  2015
2.5474305	4.0222588	5.765238	 11 12 22:11:53  2015
-1.6472107	8.197746	0.82360536	 11 12 22:11:53  2015
-1.8962077	9.346964	-2.4708161	 11 12 22:11:53  2015
-1.0726024	9.557653	0.7086837	 11 12 22:11:53  2015
-1.0534488	9.672575	0.82360536	 11 12 22:11:53  2015
-1.3982137	8.561666	1.2449849	 11 12 22:11:53  2015
-0.7469909	8.810662	2.030283	 11 12 22:11:53  2015
-0.22984336	9.959879	-0.34476504	 11 12 22:11:53  2015
-0.7661445	9.481039	-0.076614454	 11 12 22:11:53  2015
-1.0534488	9.634268	-0.038307227	 11 12 22:11:53  2015
-0.1340753	9.730036	-1.436521	 11 12 22:11:53  2015
-1.4748282	10.783484	0.24899697	 11 12 22:11:53  2015
-0.9576807	10.553641	0.038307227	 11 12 22:11:53  2015
-0.4405331	10.189722	0.19153613	 11 12 22:11:53  2015
-0.7278373	9.385271	0.1340753	 11 12 22:11:53  2015
-0.91937345	9.136273	-0.32561144	 11 12 22:11:53  2015
-1.2258313	9.11712	-1.0726024	 11 12 22:11:53  2015
-1.7429788	7.8146744	-1.685518	 11 12 22:11:53  2015
-0.15322891	9.825804	0.7469909	 11 12 22:11:53  2015
-0.5363012	9.825804	1.2258313	 11 12 22:11:53  2015
-0.61291564	9.959879	0.6512229	 11 12 22:11:53  2015
-0.8619126	9.864111	0.51714754	 11 12 22:11:53  2015
-0.90021986	9.672575	-0.32561144	 11 12 22:11:54  2015
-0.5363012	9.346964	-0.24899697	 11 12 22:11:54  2015
-0.22984336	8.829816	-0.19153613	 11 12 22:11:54  2015
0.019153614	8.6574335	0.17238252	 11 12 22:11:54  2015
-0.2873042	9.519346	-0.019153614	 11 12 22:11:54  2015
-0.82360536	10.247183	1.9536686	 11 12 22:11:54  2015
-1.0726024	10.113108	0.47884035	 11 12 22:11:54  2015
-1.6280571	9.557653	0.8810662	 11 12 22:11:54  2015
-1.1683705	9.097966	-0.11492168	 11 12 22:11:54  2015
-1.7621324	8.944737	-0.40222588	 11 12 22:11:54  2015
-1.8962077	10.036493	0.6512229	 11 12 22:11:54  2015
-1.340753	10.247183	0.842759	 11 12 22:11:54  2015
-0.30645782	9.672575	2.1643584	 11 12 22:11:54  2015
2.681506	8.676587	2.1068976	 11 12 22:11:54  2015
0.15322891	8.37013	0.7661445	 11 12 22:11:54  2015
-0.91937345	10.783484	-0.4213795	 11 12 22:11:54  2015
-1.2066777	9.921572	1.5514427	 11 12 22:11:54  2015
-1.6089035	9.634268	1.9153614	 11 12 22:11:54  2015
-1.9919758	9.519346	3.0454245	 11 12 22:11:54  2015
-1.1109096	9.844957	1.2258313	 11 12 22:11:54  2015
-0.076614454	9.423578	2.6240451	 11 12 22:11:54  2015
-0.11492168	9.078813	4.060566	 11 12 22:11:54  2015
-0.61291564	9.672575	3.5625722	 11 12 22:11:54  2015
-1.340753	9.9790325	-0.59376204	 11 12 22:11:54  2015
-2.3942018	10.43872	-0.61291564	 11 12 22:11:54  2015
-2.7006595	10.898406	1.3982137	 11 12 22:11:54  2015
-3.466804	10.5919485	2.4899697	 11 12 22:11:54  2015
-1.283292	11.128249	0.9959879	 11 12 22:11:54  2015
-0.842759	10.266336	1.3982137	 11 12 22:11:54  2015
-0.7278373	8.90643	2.183512	 11 12 22:11:54  2015
-0.8619126	8.1402855	2.585738	 11 12 22:11:54  2015
-1.1492168	7.240066	2.183512	 11 12 22:11:54  2015
-1.5705963	7.52737	2.777274	 11 12 22:11:54  2015
-1.532289	7.431602	3.5434184	 11 12 22:11:54  2015
-1.2066777	6.742072	3.4093432	 11 12 22:11:54  2015
-1.3982137	6.033388	4.271256	 11 12 22:11:54  2015
-1.1683705	5.9759274	4.9416323	 11 12 22:11:54  2015
-0.5746084	6.6271505	5.66947	 11 12 22:11:54  2015
-0.6703765	8.101978	6.167464	 11 12 22:11:54  2015
-1.2449849	8.236053	6.435614	 11 12 22:11:54  2015
-1.934515	7.872135	6.9527617	 11 12 22:11:54  2015
-1.8770541	7.2592196	7.1826053	 11 12 22:11:54  2015
-1.2449849	6.588843	6.435614	 11 12 22:11:54  2015
-0.9576807	5.9567738	6.5505357	 11 12 22:11:54  2015
-1.2066777	5.5162406	7.565677	 11 12 22:11:54  2015
-1.6280571	6.0142345	8.025364	 11 12 22:11:54  2015
-2.3558946	7.1251445	7.680599	 11 12 22:11:54  2015
-1.8962077	7.029376	7.52737	 11 12 22:11:54  2015
-1.283292	6.205771	7.335834	 11 12 22:11:54  2015
-0.9959879	5.2480903	7.201759	 11 12 22:11:54  2015
-1.4939818	6.6271505	6.7229185	 11 12 22:11:55  2015
-1.7238252	7.3549876	6.339846	 11 12 22:11:55  2015
-1.6663644	6.6271505	3.6583402	 11 12 22:11:55  2015
-3.3135753	3.964798	-0.63206923	 11 12 22:11:55  2015
-5.861006	4.865018	3.5242648	 11 12 22:11:55  2015
-3.8307228	6.7612257	7.431602	 11 12 22:11:55  2015
-1.1109096	6.129156	7.967903	 11 12 22:11:55  2015
-0.15322891	8.178593	4.7884035	 11 12 22:11:55  2015
-2.4899697	14.767436	-0.24899697	 11 12 22:11:55  2015
-1.5897499	13.828909	0.6512229	 11 12 22:11:55  2015
0.076614454	12.373235	3.2369606	 11 12 22:11:55  2015
2.9496565	12.909535	2.9496565	 11 12 22:11:55  2015
3.5242648	16.452953	1.3024458	 11 12 22:11:55  2015
3.1028855	19.76653	-1.0151415	 11 12 22:11:55  2015
2.1452048	22.10327	-0.82360536	 11 12 22:11:55  2015
-2.834735	16.931795	3.8307228	 11 12 22:11:55  2015
-3.3901896	12.028469	4.9416323	 11 12 22:11:55  2015
-1.5514427	6.703765	3.2944214	 11 12 22:11:55  2015
-0.45968673	2.6240451	0.47884035	 11 12 22:11:55  2015
1.1875241	0.36391866	0.9768343	 11 12 22:11:55  2015
0.6703765	0.7469909	2.1643584	 11 12 22:11:55  2015
1.0342951	1.8004397	4.999093	 11 12 22:11:55  2015
1.1875241	4.0414124	3.1411927	 11 12 22:11:55  2015
1.3599066	4.462792	2.873042	 11 12 22:11:55  2015
0.5746084	2.5091233	2.7389667	 11 12 22:11:55  2015
0.63206923	2.7006595	0.05746084	 11 12 22:11:55  2015
-1.1300632	8.810662	-5.1523223	 11 12 22:11:55  2015
10.151415	22.94603	-7.2783732	 11 12 22:11:55  2015
4.9416323	24.191013	1.091756	 11 12 22:11:55  2015
-4.5202527	24.344242	2.7006595	 11 12 22:11:55  2015
-8.178593	22.275652	0.2873042	 11 12 22:11:55  2015
-6.493075	18.732235	7.1251445	 11 12 22:11:55  2015
-0.49799395	17.48725	13.599066	 11 12 22:11:55  2015
-0.51714754	18.157625	15.47612	 11 12 22:11:55  2015
-1.7429788	16.108189	10.840945	 11 12 22:11:55  2015
-2.2218192	5.9567738	2.873042	 11 12 22:11:55  2015
-2.2984335	0.5554548	3.5625722	 11 12 22:11:55  2015
-0.5554548	-1.3790601	3.5625722	 11 12 22:11:55  2015
-1.3215994	-1.9536686	-0.076614454	 11 12 22:11:55  2015
-2.0494366	-0.7278373	-1.5514427	 11 12 22:11:55  2015
-1.4556746	-0.9768343	-2.2409728	 11 12 22:11:55  2015
-0.2681506	-1.3599066	-2.087744	 11 12 22:11:55  2015
3.1603463	0.47884035	-1.0151415	 11 12 22:11:55  2015
2.1260512	1.934515	1.436521	 11 12 22:11:55  2015
0.32561144	4.0797195	4.156334	 11 12 22:11:55  2015
-0.24899697	7.1634517	5.094861	 11 12 22:11:55  2015
-2.087744	0.80445176	-1.1492168	 11 12 22:11:55  2015
-3.3327289	-7.8529816	-5.93762	 11 12 22:11:55  2015
-8.00621	-8.810662	-12.488156	 11 12 22:11:55  2015
-16.836027	6.588843	-15.361198	 11 12 22:11:55  2015
-0.7469909	28.347347	2.528277	 11 12 22:11:56  2015
-0.5363012	5.765238	4.7500963	 11 12 22:11:56  2015
-2.9496565	-2.834735	6.205771	 11 12 22:11:56  2015
0.2681506	-7.4124484	4.232949	 11 12 22:11:56  2015
14.211981	37.94331	-5.9184666	 11 12 22:11:56  2015
11.377247	35.66403	-1.9728222	 11 12 22:11:56  2015
2.8538885	11.81778	11.18571	 11 12 22:11:56  2015
-6.646304	15.456966	4.0797195	 11 12 22:11:56  2015
-2.7389667	16.22311	7.2209125	 11 12 22:11:56  2015
1.0151415	6.933608	1.283292	 11 12 22:11:56  2015
3.6008794	2.6240451	1.6663644	 11 12 22:11:56  2015
4.8841715	2.96881	5.66947	 11 12 22:11:56  2015
4.3478703	3.964798	-0.24899697	 11 12 22:11:56  2015
3.4859576	3.3518825	-1.1683705	 11 12 22:11:56  2015
2.3175871	0.82360536	-2.2409728	 11 12 22:11:56  2015
-1.2449849	2.0494366	-1.5131354	 11 12 22:11:56  2015
-2.2026656	6.6846113	-1.7812861	 11 12 22:11:56  2015
-1.8195933	17.54471	-3.964798	 11 12 22:11:56  2015
2.7389667	32.369606	0.5554548	 11 12 22:11:56  2015
-5.209783	34.438198	7.489063	 11 12 22:11:56  2015
-3.5434184	26.566063	10.477027	 11 12 22:11:56  2015
-5.4204726	17.06587	8.734048	 11 12 22:11:56  2015
-1.283292	4.1371803	7.967903	 11 12 22:11:56  2015
-0.5363012	0.22984336	4.8267107	 11 12 22:11:56  2015
-1.9728222	1.9728222	1.7429788	 11 12 22:11:56  2015
-4.405331	-0.2681506	1.7238252	 11 12 22:11:56  2015
-4.711789	-1.3982137	0.05746084	 11 12 22:11:56  2015
-2.1452048	-3.466804	-3.7924154	 11 12 22:11:56  2015
-1.9919758	-3.9264908	-2.6240451	 11 12 22:11:56  2015
-0.9959879	-4.6926355	-1.6280571	 11 12 22:11:56  2015
0.30645782	-3.6583402	-0.6512229	 11 12 22:11:56  2015
2.4133554	-0.91937345	0.7661445	 11 12 22:11:56  2015
1.3599066	3.0262709	1.7621324	 11 12 22:11:56  2015
-2.719813	13.579912	2.1452048	 11 12 22:11:56  2015
-3.9839516	18.100164	10.132261	 11 12 22:11:56  2015
-17.889475	17.60217	-11.587936	 11 12 22:11:56  2015
-15.74427	23.386562	-4.55856	 11 12 22:11:56  2015
3.1603463	8.6574335	5.2480903	 11 12 22:11:56  2015
3.6583402	-1.3215994	-4.5777135	 11 12 22:11:56  2015
1.0534488	0.038307227	-8.331821	 11 12 22:11:56  2015
-2.6623523	11.453861	-1.340753	 11 12 22:11:56  2015
-1.7429788	29.611486	10.266336	 11 12 22:11:56  2015
13.867216	18.195932	3.9456444	 11 12 22:11:56  2015
6.9527617	12.0093155	5.2863975	 11 12 22:11:56  2015
-5.0757074	19.498379	3.715801	 11 12 22:11:56  2015
-4.807557	13.67568	-1.7812861	 11 12 22:11:56  2015
0.24899697	7.1251445	6.5122285	 11 12 22:11:56  2015
0.30645782	3.1603463	4.501099	 11 12 22:11:56  2015
2.1068976	2.585738	5.8801594	 11 12 22:11:56  2015
3.3518825	3.6583402	3.6583402	 11 12 22:11:56  2015
4.6160207	2.834735	-0.21068975	 11 12 22:11:57  2015
3.8307228	2.1643584	1.9919758	 11 12 22:11:57  2015
2.2601264	0.8619126	-0.5554548	 11 12 22:11:57  2015
0.80445176	-0.93852705	-2.96881	 11 12 22:11:57  2015
-0.8619126	6.8569937	-5.094861	 11 12 22:11:57  2015
-1.3790601	22.064962	-7.1251445	 11 12 22:11:57  2015
-0.076614454	37.272934	-4.3287168	 11 12 22:11:57  2015
-6.991069	33.059135	-0.8810662	 11 12 22:11:57  2015
-13.924677	26.24045	7.0485296	 11 12 22:11:57  2015
-15.993267	27.61951	10.400413	 11 12 22:11:57  2015
-7.699753	20.762518	6.991069	 11 12 22:11:57  2015
8.00621	3.1028855	6.0142345	 11 12 22:11:57  2015
2.5091233	-1.1875241	4.0797195	 11 12 22:11:57  2015
-1.1492168	-1.340753	2.3558946	 11 12 22:11:57  2015
-2.183512	-3.0454245	1.8579005	 11 12 22:11:57  2015
-2.030283	-6.14831	-2.0685902	 11 12 22:11:57  2015
-2.2984335	-5.4204726	-3.8115692	 11 12 22:11:57  2015
-2.432509	-3.6966474	-5.133168	 11 12 22:11:57  2015
-1.6089035	-3.4859576	-4.711789	 11 12 22:11:57  2015
0.076614454	0.22984336	-1.4556746	 11 12 22:11:57  2015
0.7469909	4.060566	0.9959879	 11 12 22:11:57  2015
-0.1340753	9.500193	3.5625722	 11 12 22:11:57  2015
-3.3518825	17.851168	3.6966474	 11 12 22:11:57  2015
-0.8619126	15.68681	5.995081	 11 12 22:11:57  2015
1.685518	1.1109096	4.0222588	 11 12 22:11:57  2015
-5.0182467	-13.560759	-11.109096	 11 12 22:11:57  2015
-30.128633	8.523358	-17.123331	 11 12 22:11:57  2015
9.710882	16.682798	4.807557	 11 12 22:11:57  2015
3.4093432	4.8458643	-10.036493	 11 12 22:11:57  2015
3.4476504	0.8810662	-1.4748282	 11 12 22:11:57  2015
-1.0726024	-2.2026656	4.175488	 11 12 22:11:57  2015
-1.685518	26.163836	-0.5363012	 11 12 22:11:57  2015
1.8004397	39.207447	-3.6966474	 11 12 22:11:57  2015
11.051635	29.190107	4.2904096	 11 12 22:11:57  2015
-9.193734	10.611102	2.6048915	 11 12 22:11:57  2015
-10.5919485	7.872135	2.528277	 11 12 22:11:57  2015
-4.271256	7.776367	4.6160207	 11 12 22:11:57  2015
1.0726024	5.439626	4.55856	 11 12 22:11:57  2015
1.9728222	0.5746084	3.8498764	 11 12 22:11:57  2015
3.083732	2.9496565	1.436521	 11 12 22:11:57  2015
3.7924154	3.371036	0.32561144	 11 12 22:11:57  2015
3.715801	3.7732618	3.466804	 11 12 22:11:57  2015
-0.2681506	1.7046716	0.51714754	 11 12 22:11:57  2015
-1.0726024	0.2873042	-0.61291564	 11 12 22:11:57  2015
-0.36391866	2.336741	-0.2681506	 11 12 22:11:57  2015
0.63206923	8.255207	-2.7389667	 11 12 22:11:57  2015
6.9527617	39.207447	-5.93762	 11 12 22:11:57  2015
3.4476504	32.02484	-2.4899697	 11 12 22:11:57  2015
-3.7924154	24.957159	6.588843	 11 12 22:11:57  2015
-10.189722	24.899698	3.2752678	 11 12 22:11:57  2015
-6.1100025	20.149601	12.066776	 11 12 22:11:58  2015
2.6048915	10.6877165	9.251195	 11 12 22:11:58  2015
2.1260512	-0.095768064	9.021352	 11 12 22:11:58  2015
-1.436521	0.34476504	4.6160207	 11 12 22:11:58  2015
-5.5162406	0.05746084	2.6431987	 11 12 22:11:58  2015
-2.873042	-0.1340753	-0.4405331	 11 12 22:11:58  2015
0.21068975	-2.3942018	-1.0534488	 11 12 22:11:58  2015
-0.47884035	-3.064578	-2.2601264	 11 12 22:11:58  2015
-1.7812861	-3.6008794	-2.183512	 11 12 22:11:58  2015
-0.076614454	-1.7621324	-1.436521	 11 12 22:11:58  2015
0.82360536	0.15322891	-1.4173675	 11 12 22:11:58  2015
-0.24899697	4.9799395	0.019153614	 11 12 22:11:58  2015
-2.183512	10.70687	1.7429788	 11 12 22:11:58  2015
-2.8921957	15.74427	4.9224787	 11 12 22:11:58  2015
-0.63206923	10.228029	6.703765	 11 12 22:11:58  2015
-17.946936	10.515334	-12.469003	 11 12 22:11:58  2015
-13.254301	21.586123	7.5465236	 11 12 22:11:58  2015
4.405331	6.9719152	15.859192	 11 12 22:11:58  2015
3.8498764	-0.38307226	2.834735	 11 12 22:11:58  2015
1.6663644	9.385271	-7.1251445	 11 12 22:11:58  2015
3.122039	31.086315	2.2218192	 11 12 22:11:58  2015
7.3166804	39.207447	-5.401319	 11 12 22:11:58  2015
10.611102	20.819979	5.4779334	 11 12 22:11:58  2015
-12.756307	13.043611	2.432509	 11 12 22:11:58  2015
-9.059659	8.063671	-1.3024458	 11 12 22:11:58  2015
-2.1643584	5.6120086	4.003105	 11 12 22:11:58  2015
0.9959879	2.432509	1.8195933	 11 12 22:11:58  2015
2.834735	4.156334	5.094861	 11 12 22:11:58  2015
5.3821654	6.493075	2.3558946	 11 12 22:11:58  2015
4.7884035	5.554548	1.8770541	 11 12 22:11:58  2015
2.7006595	4.0797195	1.9536686	 11 12 22:11:58  2015
0.38307226	2.0111294	-1.0342951	 11 12 22:11:58  2015
0.11492168	4.213795	-4.0414124	 11 12 22:11:58  2015
0.05746084	13.599066	-10.898406	 11 12 22:11:58  2015
0.91937345	29.1518	1.8579005	 11 12 22:11:58  2015
-9.346964	24.80393	5.631162	 11 12 22:11:58  2015
-14.30775	26.54691	6.588843	 11 12 22:11:58  2015
-15.8783455	28.979418	7.6231384	 11 12 22:11:58  2015
-1.4556746	14.805743	7.872135	 11 12 22:11:58  2015
4.4819455	6.703765	7.929596	 11 12 22:11:58  2015
2.9496565	0.11492168	5.899313	 11 12 22:11:58  2015
-0.22984336	-1.3790601	2.1068976	 11 12 22:11:58  2015
-1.2066777	-2.6623523	-1.7238252	 11 12 22:11:58  2015
0.17238252	-5.2863975	-2.6240451	 11 12 22:11:58  2015
-1.5131354	-6.14831	-2.9496565	 11 12 22:11:58  2015
-3.122039	-4.8458643	-4.76925	 11 12 22:11:58  2015
-1.934515	-1.8004397	-3.2752678	 11 12 22:11:58  2015
-0.61291564	0.40222588	-2.030283	 11 12 22:11:58  2015
0.30645782	4.156334	0.40222588	 11 12 22:11:58  2015
0.1340753	9.691729	3.5242648	 11 12 22:11:58  2015
0.6895301	15.571888	9.212888	 11 12 22:11:59  2015
2.0494366	8.274361	6.8761473	 11 12 22:11:59  2015
-2.3558946	-0.019153614	-5.056554	 11 12 22:11:59  2015
-22.179884	13.464991	-25.933992	 11 12 22:11:59  2015
3.8881836	7.297527	19.306843	 11 12 22:11:59  2015
2.3942018	-7.1826053	6.895301	 11 12 22:11:59  2015
0.80445176	-6.3206925	-5.1140146	 11 12 22:11:59  2015
-1.1683705	14.863204	-4.5202527	 11 12 22:11:59  2015
-2.2601264	39.207447	-2.585738	 11 12 22:11:59  2015
9.461885	37.023933	-3.3135753	 11 12 22:11:59  2015
7.603985	15.705963	14.116213	 11 12 22:11:59  2015
-13.790602	10.840945	0.19153613	 11 12 22:11:59  2015
-8.063671	6.588843	2.336741	 11 12 22:11:59  2015
-0.9768343	6.5505357	6.0525417	 11 12 22:11:59  2015
-0.2681506	1.9919758	4.711789	 11 12 22:11:59  2015
2.2984335	2.3558946	2.9496565	 11 12 22:11:59  2015
3.5242648	3.2944214	-0.6703765	 11 12 22:11:59  2015
4.0414124	3.5625722	1.4173675	 11 12 22:11:59  2015
3.3901896	3.4093432	3.7924154	 11 12 22:11:59  2015
1.3599066	2.1260512	-0.8619126	 11 12 22:11:59  2015
1.5514427	5.0182467	-2.8538885	 11 12 22:11:59  2015
0.80445176	14.939818	-8.676587	 11 12 22:11:59  2015
4.654328	34.419044	-7.9487495	 11 12 22:11:59  2015
-8.446744	27.08321	3.466804	 11 12 22:11:59  2015
-13.388376	25.378538	5.1140146	 11 12 22:11:59  2015
-17.33402	25.28277	5.45878	 11 12 22:11:59  2015
-15.801731	22.064962	9.32781	 11 12 22:11:59  2015
5.650316	6.3589997	7.469909	 11 12 22:11:59  2015
4.4819455	-1.2641385	2.2026656	 11 12 22:11:59  2015
0.24899697	-0.17238252	0.45968673	 11 12 22:11:59  2015
-1.4939818	-1.8004397	2.777274	 11 12 22:11:59  2015
-0.90021986	-5.9567738	-2.336741	 11 12 22:11:59  2015
-1.8962077	-8.00621	-2.2026656	 11 12 22:11:59  2015
-3.1603463	-6.033388	-2.834735	 11 12 22:11:59  2015
-0.21068975	-1.2258313	-2.0685902	 11 12 22:11:59  2015
1.436521	0.51714754	-1.4939818	 11 12 22:11:59  2015
1.4939818	3.9839516	0.45968673	 11 12 22:11:59  2015
-2.7581203	12.392388	3.5817258	 11 12 22:11:59  2015
-4.711789	13.445837	8.101978	 11 12 22:11:59  2015
-1.6280571	6.0525417	5.056554	 11 12 22:11:59  2015
-2.4516625	-3.1028855	-5.535394	 11 12 22:11:59  2015
-25.359385	7.1251445	-22.965183	 11 12 22:11:59  2015
7.9870567	9.193734	12.277467	 11 12 22:11:59  2015
3.6774938	-1.5131354	5.2863975	 11 12 22:11:59  2015
3.9839516	-4.6351743	-4.0797195	 11 12 22:11:59  2015
3.4284968	-4.960786	-3.3518825	 11 12 22:11:59  2015
1.0342951	32.71437	-1.8962077	 11 12 22:11:59  2015
3.4476504	39.207447	-16.682798	 11 12 22:11:59  2015
8.178593	26.393679	12.717999	 11 12 22:11:59  2015
-5.4204726	12.047623	10.5919485	 11 12 22:11:59  2015
-13.292608	4.8458643	3.7541082	 11 12 22:12:00  2015
-2.8921957	2.9113493	4.903325	 11 12 22:12:00  2015
1.6089035	0.019153614	3.5242648	 11 12 22:12:00  2015
2.030283	0.4405331	7.1634517	 11 12 22:12:00  2015
4.175488	6.3781533	0.15322891	 11 12 22:12:00  2015
3.371036	6.167464	-0.22984336	 11 12 22:12:00  2015
1.5705963	5.3247046	0.80445176	 11 12 22:12:00  2015
0.47884035	1.532289	1.436521	 11 12 22:12:00  2015
0.5746084	4.098873	0.7086837	 11 12 22:12:00  2015
-0.82360536	11.60709	-1.685518	 11 12 22:12:00  2015
0.9768343	30.913933	-0.15322891	 11 12 22:12:00  2015
-3.8881836	31.584309	3.5051112	 11 12 22:12:00  2015
-9.251195	25.857378	3.9264908	 11 12 22:12:00  2015
-8.255207	23.558945	10.572795	 11 12 22:12:00  2015
-5.650316	18.770542	10.419566	 11 12 22:12:00  2015
1.3024458	0.05746084	6.799533	 11 12 22:12:00  2015
0.4213795	-2.3558946	4.501099	 11 12 22:12:00  2015
-1.436521	0.90021986	3.7732618	 11 12 22:12:00  2015
-3.1603463	-0.5554548	2.1068976	 11 12 22:12:00  2015
-0.5363012	-6.4547677	-3.9073372	 11 12 22:12:00  2015
-1.8579005	-5.5737014	-4.003105	 11 12 22:12:00  2015
-3.3901896	-2.183512	-4.003105	 11 12 22:12:00  2015
-2.9113493	-0.5746084	-2.6048915	 11 12 22:12:00  2015
-0.019153614	0.90021986	-1.0151415	 11 12 22:12:00  2015
-0.47884035	4.271256	0.9576807	 11 12 22:12:00  2015
-2.4516625	9.959879	3.466804	 11 12 22:12:00  2015
-3.1603463	12.966996	5.803545	 11 12 22:12:00  2015
-7.7189064	12.6222315	4.6160207	 11 12 22:12:00  2015
-28.519732	36.870705	-15.935806	 11 12 22:12:00  2015
-6.2823853	17.640478	1.2258313	 11 12 22:12:00  2015
3.6966474	-5.3247046	16.261417	 11 12 22:12:00  2015
8.350976	-9.710882	-9.32781	 11 12 22:12:00  2015
5.93762	-1.532289	-9.385271	 11 12 22:12:00  2015
4.213795	23.558945	-2.3175871	 11 12 22:12:00  2015
4.501099	35.35757	-5.4204726	 11 12 22:12:00  2015
0.6703765	12.315774	16.778566	 11 12 22:12:00  2015
-11.33894	10.611102	8.887277	 11 12 22:12:00  2015
-17.506403	10.28549	6.7803793	 11 12 22:12:00  2015
-1.4556746	3.083732	0.11492168	 11 12 22:12:00  2015
1.6663644	0.8810662	4.1946416	 11 12 22:12:00  2015
3.0262709	0.7086837	7.2209125	 11 12 22:12:00  2015
2.528277	2.7581203	2.030283	 11 12 22:12:00  2015
3.6774938	3.1794999	0.34476504	 11 12 22:12:00  2015
2.681506	1.8387469	1.7812861	 11 12 22:12:00  2015
1.436521	0.6703765	-0.6703765	 11 12 22:12:00  2015
1.8195933	1.9728222	-0.4405331	 11 12 22:12:00  2015
0.1340753	8.408437	0.7278373	 11 12 22:12:00  2015
-3.4093432	21.605276	-0.6895301	 11 12 22:12:00  2015
1.0342951	39.01591	-3.217807	 11 12 22:12:00  2015
-1.532289	39.035065	-4.156334	 11 12 22:12:00  2015
-12.603078	29.937098	8.829816	 11 12 22:12:01  2015
-10.802638	20.149601	8.963891	 11 12 22:12:01  2015
-4.175488	11.530476	9.021352	 11 12 22:12:01  2015
4.6926355	-0.038307227	7.1826053	 11 12 22:12:01  2015
0.7469909	-0.1340753	1.3982137	 11 12 22:12:01  2015
-3.2369606	-0.9959879	2.566584	 11 12 22:12:01  2015
-3.4859576	0.49799395	-2.1260512	 11 12 22:12:01  2015
-0.22984336	-5.1523223	-3.083732	 11 12 22:12:01  2015
-1.7046716	-7.3166804	-2.7389667	 11 12 22:12:01  2015
-1.1683705	-5.6886234	-1.9153614	 11 12 22:12:01  2015
0.2681506	-2.3750482	-1.3024458	 11 12 22:12:01  2015
1.8962077	2.4708161	1.283292	 11 12 22:12:01  2015
-1.5514427	11.358093	3.2752678	 11 12 22:12:01  2015
-6.7229185	18.92377	5.133168	 11 12 22:12:01  2015
-7.4124484	15.859192	8.963891	 11 12 22:12:01  2015
-22.37142	7.9104424	-11.626244	 11 12 22:12:01  2015
-33.672054	27.734432	-5.0374002	 11 12 22:12:01  2015
5.707777	19.747375	12.5264635	 11 12 22:12:01  2015
7.6614456	-2.4708161	9.11712	 11 12 22:12:01  2015
7.967903	-5.9184666	-11.319786	 11 12 22:12:01  2015
4.55856	4.098873	-1.1300632	 11 12 22:12:01  2015
4.232949	29.266722	10.534488	 11 12 22:12:01  2015
-0.9959879	39.207447	-2.681506	 11 12 22:12:01  2015
-1.6089035	1.8579005	14.250289	 11 12 22:12:01  2015
-10.323798	7.1826053	6.5505357	 11 12 22:12:01  2015
-14.116213	12.29662	3.0262709	 11 12 22:12:01  2015
-8.159439	5.305551	2.7389667	 11 12 22:12:01  2015
0.9576807	-1.5705963	4.903325	 11 12 22:12:01  2015
3.1411927	0.21068975	0.05746084	 11 12 22:12:01  2015
5.2289367	2.9879637	0.40222588	 11 12 22:12:01  2015
6.1100025	4.8458643	2.0685902	 11 12 22:12:01  2015
0.6703765	3.2752678	-0.2873042	 11 12 22:12:01  2015
-1.5897499	1.0151415	0.5363012	 11 12 22:12:01  2015
-0.2681506	1.4173675	2.2409728	 11 12 22:12:01  2015
1.2641385	26.623524	-7.0485296	 11 12 22:12:01  2015
4.003105	39.207447	-0.59376204	 11 12 22:12:01  2015
-5.554548	34.361584	8.42759	 11 12 22:12:01  2015
-11.473015	29.056032	5.8801594	 11 12 22:12:01  2015
-6.703765	20.456059	11.473015	 11 12 22:12:01  2015
-3.083732	8.485051	6.7803793	 11 12 22:12:01  2015
1.3215994	-2.8921957	7.1059904	 11 12 22:12:01  2015
1.8962077	-3.064578	4.673482	 11 12 22:12:01  2015
-2.4516625	-2.030283	3.3327289	 11 12 22:12:01  2015
-1.7429788	-0.4405331	-0.40222588	 11 12 22:12:01  2015
0.34476504	-1.8962077	-2.4899697	 11 12 22:12:01  2015
0.11492168	-4.232949	-3.5051112	 11 12 22:12:01  2015
-4.0222588	-3.0071173	-2.4708161	 11 12 22:12:01  2015
-2.9879637	-1.8579005	-2.1643584	 11 12 22:12:01  2015
-1.0726024	-0.47884035	-1.8004397	 11 12 22:12:01  2015
-0.076614454	1.0342951	-0.7086837	 11 12 22:12:01  2015
-5.5737014	14.231135	4.0414124	 11 12 22:12:02  2015
-5.401319	16.931795	6.7803793	 11 12 22:12:02  2015
-1.5514427	14.824897	8.829816	 11 12 22:12:02  2015
-9.9790325	18.215086	2.3942018	 11 12 22:12:02  2015
-2.8538885	9.174581	-0.076614454	 11 12 22:12:02  2015
1.2258313	-4.0222588	17.199945	 11 12 22:12:02  2015
6.0142345	-10.840945	2.4899697	 11 12 22:12:02  2015
4.1371803	-0.038307227	-6.5505357	 11 12 22:12:02  2015
2.5091233	28.558039	1.2258313	 11 12 22:12:02  2015
-5.707777	39.207447	-11.051635	 11 12 22:12:02  2015
3.1986535	31.335312	-1.5514427	 11 12 22:12:02  2015
-11.60709	9.289502	10.228029	 11 12 22:12:02  2015
-15.591042	9.461885	4.3861775	 11 12 22:12:02  2015
-8.0445175	4.960786	0.40222588	 11 12 22:12:02  2015
-0.5554548	2.4708161	0.80445176	 11 12 22:12:02  2015
2.9496565	1.9153614	7.1634517	 11 12 22:12:02  2015
3.466804	4.673482	0.40222588	 11 12 22:12:02  2015
4.807557	4.960786	0.63206923	 11 12 22:12:02  2015
3.620033	4.232949	2.0494366	 11 12 22:12:02  2015
0.1340753	0.2873042	-1.7238252	 11 12 22:12:02  2015
0.7469909	2.9879637	-0.9959879	 11 12 22:12:02  2015
0.49799395	8.6574335	-1.685518	 11 12 22:12:02  2015
-0.78529817	22.869415	-3.1411927	 11 12 22:12:02  2015
-2.8538885	34.840424	-1.6280571	 11 12 22:12:02  2015
-9.998186	28.155811	6.9144545	 11 12 22:12:02  2015
-13.579912	25.76161	6.0142345	 11 12 22:12:02  2015
-12.449849	19.728222	11.300632	 11 12 22:12:02  2015
1.8387469	5.554548	5.899313	 11 12 22:12:02  2015
2.336741	-6.397307	5.094861	 11 12 22:12:02  2015
-0.019153614	-1.7429788	1.7429788	 11 12 22:12:02  2015
-2.834735	-1.4748282	2.1643584	 11 12 22:12:02  2015
-1.1683705	-5.746084	-2.834735	 11 12 22:12:02  2015
-0.36391866	-5.497087	-2.6048915	 11 12 22:12:02  2015
-1.4173675	-2.8538885	-3.1603463	 11 12 22:12:02  2015
-0.4405331	0.7278373	-1.0726024	 11 12 22:12:02  2015
-0.17238252	2.27928	0.5746084	 11 12 22:12:02  2015
-2.3750482	6.933608	2.5091233	 11 12 22:12:02  2015
-4.5394063	12.717999	4.003105	 11 12 22:12:02  2015
0.47884035	4.3478703	4.060566	 11 12 22:12:02  2015
-0.7661445	-5.535394	-7.393295	 11 12 22:12:02  2015
-22.448034	2.6240451	-20.762518	 11 12 22:12:02  2015
-24.765623	38.47961	6.9144545	 11 12 22:12:02  2015
6.1866174	-2.5091233	13.292608	 11 12 22:12:02  2015
6.0525417	-6.2823853	-1.340753	 11 12 22:12:02  2015
4.8267107	-3.7541082	-5.2863975	 11 12 22:12:02  2015
3.5434184	11.109096	-2.9113493	 11 12 22:12:02  2015
3.3327289	38.42215	-11.9135475	 11 12 22:12:02  2015
0.05746084	17.506403	22.179884	 11 12 22:12:02  2015
-11.128249	8.599973	12.047623	 11 12 22:12:02  2015
-18.406622	6.2632318	6.0142345	 11 12 22:12:02  2015
1.1492168	2.777274	0.32561144	 11 12 22:12:03  2015
3.8881836	0.17238252	8.580819	 11 12 22:12:03  2015
3.1794999	2.566584	5.363012	 11 12 22:12:03  2015
3.5242648	4.0797195	0.4213795	 11 12 22:12:03  2015
3.5242648	3.5434184	0.51714754	 11 12 22:12:03  2015
1.3215994	1.436521	-0.9768343	 11 12 22:12:03  2015
0.5554548	1.4173675	-1.3024458	 11 12 22:12:03  2015
-0.49799395	9.921572	-2.8538885	 11 12 22:12:03  2015
-2.6431987	25.70415	-3.4093432	 11 12 22:12:03  2015
-1.1875241	38.173153	-0.5554548	 11 12 22:12:03  2015
-7.9487495	33.499672	1.9536686	 11 12 22:12:03  2015
-13.924677	25.148695	7.086837	 11 12 22:12:03  2015
-9.136273	20.053833	11.415554	 11 12 22:12:03  2015
0.82360536	13.426683	8.00621	 11 12 22:12:03  2015
5.554548	5.3247046	3.1411927	 11 12 22:12:03  2015
-0.7469909	-1.5514427	0.36391866	 11 12 22:12:03  2015
-3.9073372	-3.1603463	1.8770541	 11 12 22:12:03  2015
-3.5434184	-3.715801	-2.0494366	 11 12 22:12:03  2015
-1.9728222	-6.4739213	-3.2944214	 11 12 22:12:03  2015
-0.8810662	-4.654328	-3.9264908	 11 12 22:12:03  2015
0.15322891	-2.3942018	-2.4133554	 11 12 22:12:03  2015
1.1683705	0.19153613	-1.1109096	 11 12 22:12:03  2015
1.934515	1.6472107	0.9959879	 11 12 22:12:03  2015
-5.7843914	15.820885	4.3861775	 11 12 22:12:03  2015
-7.8529816	18.65562	7.52737	 11 12 22:12:03  2015
-5.861006	13.982138	8.00621	 11 12 22:12:03  2015
-29.477411	33.02083	-5.707777	 11 12 22:12:03  2015
4.903325	-11.856087	5.8226986	 11 12 22:12:03  2015
1.4748282	-3.4859576	6.205771	 11 12 22:12:03  2015
6.2249246	-6.742072	-6.14831	 11 12 22:12:03  2015
1.6280571	7.9487495	-8.868123	 11 12 22:12:03  2015
-2.2409728	36.870705	5.554548	 11 12 22:12:03  2015
-2.2601264	39.207447	-0.4213795	 11 12 22:12:03  2015
8.504205	27.983429	-2.3558946	 11 12 22:12:03  2015
-12.660539	12.564771	7.201759	 11 12 22:12:03  2015
-14.116213	13.062764	8.025364	 11 12 22:12:03  2015
-4.9224787	4.8841715	5.1523223	 11 12 22:12:03  2015
0.019153614	0.842759	0.6512229	 11 12 22:12:03  2015
2.4708161	0.40222588	5.841852	 11 12 22:12:03  2015
3.1411927	1.3599066	2.585738	 11 12 22:12:03  2015
3.3518825	2.777274	-0.47884035	 11 12 22:12:03  2015
3.4093432	2.8921957	0.5746084	 11 12 22:12:03  2015
1.0534488	2.27928	-0.11492168	 11 12 22:12:03  2015
1.7238252	3.3327289	-0.40222588	 11 12 22:12:03  2015
1.3982137	4.9799395	0.8810662	 11 12 22:12:03  2015
0.4405331	6.5122285	0.61291564	 11 12 22:12:03  2015
-1.2066777	36.027946	-4.6160207	 11 12 22:12:03  2015
2.2409728	39.207447	-10.860099	 11 12 22:12:03  2015
-10.5919485	33.940205	3.1986535	 11 12 22:12:03  2015
-16.414646	27.198132	9.883265	 11 12 22:12:03  2015
-9.481039	14.020445	6.588843	 11 12 22:12:04  2015
-1.685518	7.929596	5.5737014	 11 12 22:12:04  2015
4.0222588	-3.3518825	5.5737014	 11 12 22:12:04  2015
3.1411927	-3.964798	0.9768343	 11 12 22:12:04  2015
-0.5746084	-1.934515	-2.1643584	 11 12 22:12:04  2015
-2.1452048	-5.439626	-4.76925	 11 12 22:12:04  2015
-1.6280571	-7.776367	-3.86903	 11 12 22:12:04  2015
-0.93852705	-4.1371803	-3.0071173	 11 12 22:12:04  2015
-0.4213795	-2.9113493	-2.1452048	 11 12 22:12:04  2015
0.038307227	-0.91937345	-0.7661445	 11 12 22:12:04  2015
-1.436521	6.6654577	3.1028855	 11 12 22:12:04  2015
-8.465898	13.982138	8.734048	 11 12 22:12:04  2015
-5.746084	8.465898	5.93762	 11 12 22:12:04  2015
-4.654328	4.8458643	1.934515	 11 12 22:12:04  2015
-21.088129	11.60709	-7.297527	 11 12 22:12:04  2015
6.1100025	13.292608	-0.80445176	 11 12 22:12:04  2015
5.2289367	-2.9879637	9.864111	 11 12 22:12:04  2015
5.93762	-4.654328	-1.7238252	 11 12 22:12:04  2015
5.707777	-4.5394063	-10.572795	 11 12 22:12:04  2015
-1.0342951	32.50368	2.087744	 11 12 22:12:04  2015
-3.4476504	39.207447	-3.064578	 11 12 22:12:04  2015
7.5848308	28.155811	0.7661445	 11 12 22:12:04  2015
-0.2681506	6.3781533	18.828003	 11 12 22:12:04  2015
-14.920665	12.583924	6.339846	 11 12 22:12:04  2015
-6.83784	5.4779334	4.4244847	 11 12 22:12:04  2015
0.6895301	2.1452048	-2.0685902	 11 12 22:12:04  2015
1.6280571	0.36391866	-2.4708161	 11 12 22:12:04  2015
1.4173675	3.7732618	4.9224787	 11 12 22:12:04  2015
2.3175871	4.807557	4.0414124	 11 12 22:12:04  2015
1.685518	3.8881836	1.9153614	 11 12 22:12:04  2015
-0.34476504	-1.0534488	2.3942018	 11 12 22:12:04  2015
1.3599066	2.0685902	1.9919758	 11 12 22:12:04  2015
1.4939818	9.940725	-3.3901896	 11 12 22:12:04  2015
1.8962077	27.983429	-9.32781	 11 12 22:12:04  2015
-2.719813	30.799011	0.2681506	 11 12 22:12:04  2015
-10.70687	24.842237	7.0485296	 11 12 22:12:04  2015
-15.47612	25.608381	4.960786	 11 12 22:12:04  2015
-17.60217	21.088129	10.572795	 11 12 22:12:04  2015
1.5897499	6.6654577	8.829816	 11 12 22:12:04  2015
3.3901896	-1.2258313	5.439626	 11 12 22:12:04  2015
0.36391866	-1.0534488	0.2681506	 11 12 22:12:04  2015
-1.3215994	-0.21068975	3.0454245	 11 12 22:12:04  2015
-1.6089035	-4.711789	-2.5091233	 11 12 22:12:04  2015
-1.091756	-6.799533	-2.336741	 11 12 22:12:04  2015
-2.9496565	-5.3438582	-3.86903	 11 12 22:12:04  2015
-1.8770541	-3.5051112	-4.55856	 11 12 22:12:04  2015
1.8962077	-0.34476504	-1.5897499	 11 12 22:12:04  2015
2.7581203	2.2026656	0.36391866	 11 12 22:12:04  2015
0.17238252	8.350976	2.815581	 11 12 22:12:04  2015
-4.0222588	15.361198	4.711789	 11 12 22:12:04  2015
-3.9456444	10.70687	6.799533	 11 12 22:12:05  2015
-4.55856	8.197746	5.631162	 11 12 22:12:05  2015
-29.975405	21.394587	-17.60217	 11 12 22:12:05  2015
-17.908628	28.921957	-7.7189064	 11 12 22:12:05  2015
5.1906295	-3.6966474	3.1028855	 11 12 22:12:05  2015
6.2249246	-8.599973	-10.208876	 11 12 22:12:05  2015
1.9153614	-4.462792	-11.262324	 11 12 22:12:05  2015
-7.9870567	37.292088	3.5051112	 11 12 22:12:05  2015
-3.064578	39.207447	-9.749189	 11 12 22:12:05  2015
10.151415	25.876532	8.42759	 11 12 22:12:05  2015
-4.0797195	10.457873	14.441825	 11 12 22:12:05  2015
-13.158532	6.397307	3.6391866	 11 12 22:12:05  2015
-3.4859576	4.9799395	2.030283	 11 12 22:12:05  2015
0.8619126	1.7621324	2.7389667	 11 12 22:12:05  2015
2.9496565	-0.095768064	6.5505357	 11 12 22:12:05  2015
2.7964275	2.030283	-0.59376204	 11 12 22:12:05  2015
3.7349546	2.9879637	0.91937345	 11 12 22:12:05  2015
2.777274	3.122039	1.3215994	 11 12 22:12:05  2015
1.2066777	3.0262709	-0.30645782	 11 12 22:12:05  2015
-0.038307227	5.861006	0.24899697	 11 12 22:12:05  2015
-0.38307226	6.6654577	0.4213795	 11 12 22:12:05  2015
-1.0342951	9.80665	-0.80445176	 11 12 22:12:05  2015
-2.1068976	24.018631	-2.5091233	 11 12 22:12:05  2015
-5.497087	36.10456	-0.05746084	 11 12 22:12:05  2015
-13.158532	28.787882	5.2289367	 11 12 22:12:05  2015
-14.039598	24.957159	9.787497	 11 12 22:12:05  2015
-10.477027	18.540697	11.856087	 11 12 22:12:05  2015
-0.78529817	-4.3478703	7.489063	 11 12 22:12:05  2015
0.32561144	-5.631162	4.1371803	 11 12 22:12:05  2015
-1.1875241	-0.45968673	3.3135753	 11 12 22:12:05  2015
-0.7086837	-3.7732618	-3.715801	 11 12 22:12:05  2015
0.47884035	-5.209783	-4.060566	 11 12 22:12:05  2015
-1.283292	-3.9264908	-2.2026656	 11 12 22:12:05  2015
-1.9536686	-1.8195933	-1.7621324	 11 12 22:12:05  2015
0.61291564	1.0151415	-0.05746084	 11 12 22:12:05  2015
1.3599066	1.5705963	0.8619126	 11 12 22:12:05  2015
-1.8387469	5.765238	2.4899697	 11 12 22:12:05  2015
-5.841852	12.143391	3.083732	 11 12 22:12:05  2015
-2.5091233	9.768343	4.673482	 11 12 22:12:05  2015
-1.6663644	-0.21068975	-2.087744	 11 12 22:12:05  2015
-25.455153	4.4819455	-21.14559	 11 12 22:12:05  2015
-25.455153	36.5834	5.6120086	 11 12 22:12:05  2015
4.5394063	-1.685518	7.469909	 11 12 22:12:05  2015
4.4436383	-6.2632318	-5.631162	 11 12 22:12:05  2015
3.964798	-3.9456444	-8.465898	 11 12 22:12:05  2015
3.2752678	9.481039	-2.930503	 11 12 22:12:05  2015
5.841852	39.207447	-11.109096	 11 12 22:12:05  2015
5.707777	17.717093	18.100164	 11 12 22:12:05  2015
-7.067683	6.7612257	10.783484	 11 12 22:12:05  2015
-16.16565	9.3661175	2.2026656	 11 12 22:12:05  2015
-2.8921957	2.1068976	0.4213795	 11 12 22:12:06  2015
1.2641385	-0.30645782	2.815581	 11 12 22:12:06  2015
2.96881	1.9153614	3.9839516	 11 12 22:12:06  2015
3.715801	3.8115692	2.4708161	 11 12 22:12:06  2015
1.7046716	3.1028855	0.8619126	 11 12 22:12:06  2015
-0.21068975	1.5514427	0.1340753	 11 12 22:12:06  2015
-1.1875241	2.1068976	0.51714754	 11 12 22:12:06  2015
0.47884035	5.995081	0.6895301	 11 12 22:12:06  2015
0.34476504	10.611102	-1.6089035	 11 12 22:12:06  2015
1.3599066	28.519732	-1.5514427	 11 12 22:12:06  2015
1.8387469	39.207447	-2.2601264	 11 12 22:12:06  2015
-14.84405	26.144682	3.8498764	 11 12 22:12:06  2015
-14.001291	21.317972	12.832921	 11 12 22:12:06  2015
-9.385271	15.514427	11.243171	 11 12 22:12:06  2015
-4.0797195	6.6271505	7.240066	 11 12 22:12:06  2015
1.6280571	-3.3135753	3.9456444	 11 12 22:12:06  2015
-0.51714754	-0.11492168	2.873042	 11 12 22:12:06  2015
-1.8004397	-2.3175871	-0.5554548	 11 12 22:12:06  2015
-1.4173675	-4.8458643	-4.213795	 11 12 22:12:06  2015
-1.436521	-3.2369606	-3.86903	 11 12 22:12:06  2015
-1.2449849	-1.6472107	-2.7389667	 11 12 22:12:06  2015
0.05746084	-0.51714754	-1.3599066	 11 12 22:12:06  2015
1.1683705	0.49799395	0.076614454	 11 12 22:12:06  2015
-3.122039	8.159439	4.673482	 11 12 22:12:06  2015
-8.446744	16.778566	6.531382	 11 12 22:12:06  2015
-6.14831	16.357185	8.274361	 11 12 22:12:06  2015
-3.7924154	11.128249	7.1059904	 11 12 22:12:06  2015
-19.996372	26.776752	-10.342952	 11 12 22:12:06  2015
3.064578	5.631162	10.6877165	 11 12 22:12:06  2015
4.9799395	-7.4507556	9.174581	 11 12 22:12:06  2015
3.3518825	-6.7612257	-16.203957	 11 12 22:12:06  2015
1.5131354	6.6271505	-7.1826053	 11 12 22:12:06  2015
-3.0454245	36.870705	5.267244	 11 12 22:12:06  2015
-2.2218192	39.207447	-7.1059904	 11 12 22:12:06  2015
-1.7812861	7.9104424	14.78659	 11 12 22:12:06  2015
-15.95496	13.637373	2.834735	 11 12 22:12:06  2015
-17.96609	10.189722	3.5051112	 11 12 22:12:06  2015
-6.0142345	3.7732618	4.462792	 11 12 22:12:06  2015
2.6240451	0.5363012	4.9224787	 11 12 22:12:06  2015
2.5474305	2.96881	1.6472107	 11 12 22:12:06  2015
2.5091233	3.6008794	-0.21068975	 11 12 22:12:06  2015
1.934515	3.8307228	-0.15322891	 11 12 22:12:06  2015
-1.8195933	1.7621324	2.7581203	 11 12 22:12:06  2015
-1.7046716	2.432509	3.9839516	 11 12 22:12:06  2015
-0.40222588	4.0222588	3.9456444	 11 12 22:12:06  2015
0.05746084	7.3166804	-0.36391866	 11 12 22:12:06  2015
6.5505357	39.207447	-9.883265	 11 12 22:12:06  2015
3.2369606	32.50368	-5.45878	 11 12 22:12:06  2015
-5.305551	23.942017	5.9567738	 11 12 22:12:06  2015
-11.683704	26.834213	3.122039	 11 12 22:12:06  2015
-14.614207	19.479225	6.244078	 11 12 22:12:07  2015
-5.171476	9.5385	7.144298	 11 12 22:12:07  2015
-1.532289	-1.8195933	8.983045	 11 12 22:12:07  2015
-1.9728222	-5.4779334	3.8498764	 11 12 22:12:07  2015
-0.36391866	-2.6240451	-0.7086837	 11 12 22:12:07  2015
2.087744	-5.8801594	-4.865018	 11 12 22:12:07  2015
1.283292	-6.397307	-4.5777135	 11 12 22:12:07  2015
-3.466804	-3.064578	-3.715801	 11 12 22:12:07  2015
-2.1452048	-1.4556746	-2.4708161	 11 12 22:12:07  2015
-0.45968673	0.45968673	-1.0726024	 11 12 22:12:07  2015
0.21068975	3.0262709	0.91937345	 11 12 22:12:07  2015
-6.2632318	15.629349	5.5162406	 11 12 22:12:07  2015
-7.642292	19.364304	8.082825	 11 12 22:12:07  2015
-3.86903	13.771448	6.205771	 11 12 22:12:07  2015
-7.8529816	13.541605	8.312668	 11 12 22:12:07  2015
-7.4124484	10.821792	-7.1826053	 11 12 22:12:07  2015
1.7812861	-2.719813	14.211981	 11 12 22:12:07  2015
4.1180267	-6.799533	3.6008794	 11 12 22:12:07  2015
6.2249246	-10.726024	-9.423578	 11 12 22:12:07  2015
-1.8579005	20.494366	-4.596867	 11 12 22:12:07  2015
-6.588843	39.207447	3.1603463	 11 12 22:12:07  2015
5.9759274	37.94331	-7.489063	 11 12 22:12:07  2015
10.113108	17.563864	9.002198	 11 12 22:12:07  2015
-16.74026	13.962984	2.7389667	 11 12 22:12:07  2015
-15.131354	8.791509	5.0374002	 11 12 22:12:07  2015
-3.2561142	3.86903	5.439626	 11 12 22:12:07  2015
0.5746084	-0.2873042	3.6008794	 11 12 22:12:07  2015
2.9879637	1.8387469	3.1411927	 11 12 22:12:07  2015
3.2369606	2.3942018	0.38307226	 11 12 22:12:07  2015
2.8538885	2.9113493	0.45968673	 11 12 22:12:07  2015
1.3024458	3.064578	-0.095768064	 11 12 22:12:07  2015
2.336741	3.8115692	-0.6512229	 11 12 22:12:07  2015
2.585738	5.6886234	0.61291564	 11 12 22:12:07  2015
1.3982137	8.063671	1.1492168	 11 12 22:12:07  2015
-0.21068975	33.174057	-6.9144545	 11 12 22:12:07  2015
0.59376204	39.207447	-10.151415	 11 12 22:12:07  2015
-8.772355	30.10948	-3.122039	 11 12 22:12:07  2015
-15.801731	25.512613	3.6966474	 11 12 22:12:07  2015
-19.057846	21.337126	8.542512	 11 12 22:12:07  2015
-7.73806	14.805743	6.2823853	 11 12 22:12:07  2015
1.8962077	4.3478703	8.159439	 11 12 22:12:07  2015
1.283292	-3.6008794	4.6926355	 11 12 22:12:07  2015
-0.05746084	-3.6583402	2.432509	 11 12 22:12:07  2015
-0.59376204	-5.554548	-1.4939818	 11 12 22:12:07  2015
-0.30645782	-6.646304	-4.309563	 11 12 22:12:07  2015
-0.6512229	-5.66947	-4.5394063	 11 12 22:12:07  2015
-1.1683705	-3.4093432	-3.9073372	 11 12 22:12:07  2015
-0.095768064	-2.183512	-2.6623523	 11 12 22:12:07  2015
0.78529817	1.5131354	-0.05746084	 11 12 22:12:07  2015
-0.7661445	8.293514	4.2521024	 11 12 22:12:07  2015
-8.714894	17.391481	7.029376	 11 12 22:12:08  2015
-6.6654577	13.081918	4.367024	 11 12 22:12:08  2015
-2.6431987	6.2249246	0.4405331	 11 12 22:12:08  2015
1.340753	-1.1683705	-1.1492168	 11 12 22:12:08  2015
-33.001675	19.172768	-4.213795	 11 12 22:12:08  2015
-2.585738	36.46848	13.005303	 11 12 22:12:08  2015
7.086837	2.6048915	9.270349	 11 12 22:12:08  2015
2.27928	-8.0445175	-3.6391866	 11 12 22:12:08  2015
1.1109096	-1.8579005	-2.9496565	 11 12 22:12:08  2015
-0.5746084	22.505495	-2.3942018	 11 12 22:12:08  2015
-4.1946416	39.207447	-20.015526	 11 12 22:12:08  2015
-2.9113493	14.671668	17.563864	 11 12 22:12:08  2015
-15.47612	8.791509	4.9416323	 11 12 22:12:08  2015
-17.161638	4.0797195	7.335834	 11 12 22:12:08  2015
-5.899313	4.5777135	2.7389667	 11 12 22:12:08  2015
3.3327289	-1.2066777	7.6614456	 11 12 22:12:08  2015
2.719813	1.3599066	3.083732	 11 12 22:12:08  2015
3.6391866	2.585738	-1.6280571	 11 12 22:12:08  2015
5.056554	3.2752678	1.6089035	 11 12 22:12:08  2015
2.4516625	2.3942018	-0.7086837	 11 12 22:12:08  2015
1.8579005	2.7581203	-2.030283	 11 12 22:12:08  2015
0.9959879	4.405331	0.2873042	 11 12 22:12:08  2015
0.6703765	5.93762	0.2681506	 11 12 22:12:08  2015
-2.3175871	32.790985	-4.7500963	 11 12 22:12:08  2015
-2.873042	38.651993	-6.7803793	 11 12 22:12:08  2015
-11.549629	31.335312	0.24899697	 11 12 22:12:08  2015
-15.763424	27.08321	5.497087	 11 12 22:12:08  2015
-14.978126	19.977219	8.37013	 11 12 22:12:08  2015
-5.707777	13.713987	6.8761473	 11 12 22:12:08  2015
2.4899697	5.4204726	7.8146744	 11 12 22:12:08  2015
-0.5746084	-1.2641385	-0.7278373	 11 12 22:12:08  2015
-1.6089035	-2.4708161	1.8004397	 11 12 22:12:08  2015
-0.9768343	-0.9959879	-1.9728222	 11 12 22:12:08  2015
0.7661445	-3.8498764	-4.060566	 11 12 22:12:08  2015
-3.1411927	-5.401319	-5.305551	 11 12 22:12:08  2015
-2.2984335	-3.6008794	-3.715801	 11 12 22:12:08  2015
-0.5363012	-1.0726024	-2.4133554	 11 12 22:12:08  2015
1.3215994	1.091756	-0.5363012	 11 12 22:12:08  2015
-2.1643584	12.564771	4.271256	 11 12 22:12:08  2015
-6.991069	20.896593	8.312668	 11 12 22:12:08  2015
-4.8841715	16.16565	10.783484	 11 12 22:12:08  2015
-1.091756	6.5696893	8.178593	 11 12 22:12:08  2015
-31.086315	10.496181	-23.922863	 11 12 22:12:08  2015
-9.634268	35.68318	11.549629	 11 12 22:12:08  2015
6.301539	5.1906295	14.15452	 11 12 22:12:08  2015
4.903325	-6.2823853	-1.3982137	 11 12 22:12:08  2015
1.1683705	-1.2449849	-3.5625722	 11 12 22:12:08  2015
-1.3790601	18.368315	1.8770541	 11 12 22:12:08  2015
-5.2289367	39.207447	-1.340753	 11 12 22:12:08  2015
8.829816	35.35757	-5.3438582	 11 12 22:12:08  2015
-9.730036	9.404425	7.1634517	 11 12 22:12:09  2015
-15.112201	9.232041	0.80445176	 11 12 22:12:09  2015
-10.649409	4.3287168	3.5434184	 11 12 22:12:09  2015
-2.719813	1.3982137	2.681506	 11 12 22:12:09  2015
2.3942018	1.1875241	5.592855	 11 12 22:12:09  2015
3.6391866	3.3901896	1.6280571	 11 12 22:12:09  2015
4.462792	4.213795	0.8619126	 11 12 22:12:09  2015
0.9576807	3.5434184	1.2641385	 11 12 22:12:09  2015
0.78529817	2.4899697	-0.24899697	 11 12 22:12:09  2015
1.9536686	5.094861	-1.4173675	 11 12 22:12:09  2015
0.7278373	11.070788	-5.8801594	 11 12 22:12:09  2015
0.6895301	31.411926	-1.4556746	 11 12 22:12:09  2015
-8.274361	24.344242	1.8195933	 11 12 22:12:09  2015
-13.464991	26.259604	3.5434184	 11 12 22:12:09  2015
-16.050728	27.925968	1.7046716	 11 12 22:12:09  2015
-11.377247	18.92377	9.423578	 11 12 22:12:09  2015
-1.283292	9.346964	11.262324	 11 12 22:12:09  2015
0.93852705	-0.91937345	6.493075	 11 12 22:12:09  2015
0.1340753	-3.466804	1.532289	 11 12 22:12:09  2015
-0.47884035	-1.9919758	0.22984336	 11 12 22:12:09  2015
0.17238252	-4.999093	-3.371036	 11 12 22:12:09  2015
-0.8810662	-6.301539	-3.7924154	 11 12 22:12:09  2015
-2.566584	-3.7349546	-4.2904096	 11 12 22:12:09  2015
-0.095768064	-1.5705963	-1.5514427	 11 12 22:12:09  2015
0.6895301	-0.1340753	0.095768064	 11 12 22:12:09  2015
1.7238252	1.2449849	1.2066777	 11 12 22:12:09  2015
0.82360536	6.301539	2.585738	 11 12 22:12:09  2015
-4.596867	18.80885	5.363012	 11 12 22:12:09  2015
-2.2409728	13.905523	5.7269306	 11 12 22:12:09  2015
-4.55856	6.2823853	3.964798	 11 12 22:12:09  2015
-19.460072	23.63556	4.5777135	 11 12 22:12:09  2015
3.5434184	3.1603463	18.44493	 11 12 22:12:09  2015
4.5202527	-7.067683	1.6280571	 11 12 22:12:09  2015
5.6886234	-7.431602	-10.189722	 11 12 22:12:09  2015
0.4213795	22.409727	-5.363012	 11 12 22:12:09  2015
-7.029376	39.207447	-7.9104424	 11 12 22:12:09  2015
4.6926355	36.564247	-6.83784	 11 12 22:12:09  2015
0.34476504	13.560759	20.09214	 11 12 22:12:09  2015
-16.950949	8.274361	9.270349	 11 12 22:12:09  2015
-7.1251445	4.960786	3.964798	 11 12 22:12:09  2015
0.15322891	0.91937345	2.7389667	 11 12 22:12:09  2015
3.9839516	-1.6280571	4.8267107	 11 12 22:12:09  2015
2.7581203	2.7964275	-1.3215994	 11 12 22:12:09  2015
3.064578	2.5474305	-2.7964275	 11 12 22:12:09  2015
3.2369606	2.4708161	-1.1300632	 11 12 22:12:09  2015
1.8962077	2.0685902	-0.32561144	 11 12 22:12:09  2015
1.3215994	5.0374002	-0.4405331	 11 12 22:12:09  2015
-0.63206923	6.3206925	-0.2681506	 11 12 22:12:09  2015
-1.7812861	6.7803793	-0.6512229	 11 12 22:12:09  2015
-3.2944214	13.464991	-2.9113493	 11 12 22:12:09  2015
-5.171476	39.207447	-5.363012	 11 12 22:12:10  2015
-15.073894	34.093433	-0.11492168	 11 12 22:12:10  2015
-17.985243	27.2939	7.431602	 11 12 22:12:10  2015
-6.5696893	18.483236	10.97502	 11 12 22:12:10  2015
1.8770541	5.267244	8.561666	 11 12 22:12:10  2015
3.7732618	-10.113108	6.493075	 11 12 22:12:10  2015
1.1683705	-1.1875241	1.0534488	 11 12 22:12:10  2015
-4.2904096	0.2681506	-1.5897499	 11 12 22:12:10  2015
-3.2752678	-2.336741	-4.5202527	 11 12 22:12:10  2015
-1.1109096	-6.6654577	-4.213795	 11 12 22:12:10  2015
-1.6472107	-7.8529816	-3.6583402	 11 12 22:12:10  2015
0.2681506	-4.232949	-2.6240451	 11 12 22:12:10  2015
2.4133554	-1.8004397	-1.7046716	 11 12 22:12:10  2015
3.8307228	0.05746084	0.095768064	 11 12 22:12:10  2015
2.087744	5.171476	2.0685902	 11 12 22:12:10  2015
-6.0142345	24.574087	8.983045	 11 12 22:12:10  2015
-2.815581	17.525557	11.9135475	 11 12 22:12:10  2015
-15.533581	22.811954	9.825804	 11 12 22:12:10  2015
-32.676064	35.874718	-29.937098	 11 12 22:12:10  2015
1.2258313	-8.983045	15.437813	 11 12 22:12:10  2015
5.9184666	-10.649409	-4.5202527	 11 12 22:12:10  2015
4.3861775	-9.442732	-13.962984	 11 12 22:12:10  2015
-1.5705963	3.964798	-8.772355	 11 12 22:12:10  2015
-9.481039	39.207447	-0.842759	 11 12 22:12:10  2015
7.52737	32.77183	0.59376204	 11 12 22:12:10  2015
0.6895301	11.224017	15.20797	 11 12 22:12:10  2015
-10.572795	10.91756	9.346964	 11 12 22:12:10  2015
-8.485051	3.620033	6.1100025	 11 12 22:12:10  2015
-1.091756	1.0534488	0.82360536	 11 12 22:12:10  2015
2.3942018	-0.34476504	1.0151415	 11 12 22:12:10  2015
3.3901896	2.873042	0.30645782	 11 12 22:12:10  2015
2.8921957	3.1411927	-1.8962077	 11 12 22:12:10  2015
2.3175871	2.5474305	-0.47884035	 11 12 22:12:10  2015
0.8619126	1.8962077	0.7661445	 11 12 22:12:10  2015
0.038307227	4.3861775	0.80445176	 11 12 22:12:10  2015
-0.36391866	6.090849	1.340753	 11 12 22:12:10  2015
-0.93852705	6.9144545	0.63206923	 11 12 22:12:10  2015
-2.7581203	9.232041	0.6703765	 11 12 22:12:10  2015
-4.309563	39.207447	-5.8801594	 11 12 22:12:10  2015
-8.983045	36.449326	-5.1523223	 11 12 22:12:10  2015
-16.663643	26.700138	10.055647	 11 12 22:12:10  2015
-18.464083	26.700138	12.966996	 11 12 22:12:10  2015
-6.090849	13.88637	3.2561142	 11 12 22:12:10  2015
-1.283292	0.19153613	2.930503	 11 12 22:12:10  2015
3.4859576	-10.01734	1.532289	 11 12 22:12:10  2015
1.2066777	-1.6663644	1.9153614	 11 12 22:12:10  2015
-1.8387469	-6.6654577	-5.1523223	 11 12 22:12:10  2015
0.51714754	-9.519346	-4.807557	 11 12 22:12:10  2015
0.5363012	-6.742072	-3.4284968	 11 12 22:12:10  2015
0.4405331	-3.8115692	-3.5242648	 11 12 22:12:10  2015
3.1986535	0.82360536	0.038307227	 11 12 22:12:11  2015
2.1068976	2.0494366	2.8538885	 11 12 22:12:11  2015
-2.1260512	6.2632318	3.7541082	 11 12 22:12:11  2015
-8.772355	25.531767	9.634268	 11 12 22:12:11  2015
-2.7964275	15.610195	8.714894	 11 12 22:12:11  2015
-0.9768343	-0.11492168	-2.3750482	 11 12 22:12:11  2015
-24.918852	4.807557	-29.41995	 11 12 22:12:11  2015
2.930503	7.795521	12.545617	 11 12 22:12:11  2015
4.5202527	-8.829816	1.283292	 11 12 22:12:11  2015
1.9536686	-11.166556	-9.844957	 11 12 22:12:11  2015
-0.38307226	-4.2521024	-6.9527617	 11 12 22:12:11  2015
-7.872135	39.207447	-1.2641385	 11 12 22:12:11  2015
7.8912888	38.74776	-11.87524	 11 12 22:12:11  2015
4.8841715	18.598158	11.87524	 11 12 22:12:11  2015
-11.109096	8.293514	8.580819	 11 12 22:12:11  2015
-14.441825	3.9073372	7.833828	 11 12 22:12:11  2015
-3.3327289	2.2409728	2.087744	 11 12 22:12:11  2015
1.3982137	-0.15322891	3.3901896	 11 12 22:12:11  2015
3.4093432	1.1492168	5.1523223	 11 12 22:12:11  2015
3.9839516	2.6048915	1.9728222	 11 12 22:12:11  2015
2.681506	3.7349546	1.685518	 11 12 22:12:11  2015
1.0342951	3.6391866	0.2681506	 11 12 22:12:11  2015
0.2681506	3.1028855	-0.019153614	 11 12 22:12:11  2015
0.7086837	6.5505357	0.842759	 11 12 22:12:11  2015
0.24899697	8.293514	-0.93852705	 11 12 22:12:11  2015
-2.7581203	17.046717	-4.1371803	 11 12 22:12:11  2015
-2.2601264	35.012806	-6.1866174	 11 12 22:12:11  2015
-11.664551	27.14067	2.7964275	 11 12 22:12:11  2015
-17.908628	22.486341	7.9487495	 11 12 22:12:11  2015
-21.605276	21.662737	8.676587	 11 12 22:12:11  2015
-2.4899697	7.2783732	8.734048	 11 12 22:12:11  2015
2.96881	-4.9799395	5.3821654	 11 12 22:12:11  2015
2.3942018	-1.7812861	1.7621324	 11 12 22:12:11  2015
0.59376204	-0.59376204	3.0262709	 11 12 22:12:11  2015
-0.9959879	-3.7541082	-5.9759274	 11 12 22:12:11  2015
-0.40222588	-5.9759274	-5.0374002	 11 12 22:12:11  2015
-1.1492168	-5.171476	-3.0262709	 11 12 22:12:11  2015
-0.019153614	-3.6966474	-2.1260512	 11 12 22:12:11  2015
2.528277	0.5746084	1.0342951	 11 12 22:12:11  2015
1.7046716	2.030283	3.620033	 11 12 22:12:11  2015
-3.0071173	8.121132	4.271256	 11 12 22:12:11  2015
-7.489063	18.521544	4.7884035	 11 12 22:12:11  2015
-1.2641385	8.025364	7.872135	 11 12 22:12:11  2015
-8.408437	-4.3287168	-10.553641	 11 12 22:12:11  2015
-39.130833	14.499286	-15.035586	 11 12 22:12:11  2015
-9.193734	37.368702	18.44493	 11 12 22:12:11  2015
6.3781533	-7.1826053	-2.9879637	 11 12 22:12:11  2015
4.405331	-8.599973	-11.243171	 11 12 22:12:11  2015
3.2369606	-0.9576807	-7.1059904	 11 12 22:12:11  2015
1.6089035	20.30283	-3.083732	 11 12 22:12:11  2015
2.9879637	37.023933	-4.673482	 11 12 22:12:12  2015
-1.7429788	12.430696	19.536686	 11 12 22:12:12  2015
-12.890382	3.715801	8.887277	 11 12 22:12:12  2015
-7.374141	1.0342951	4.9416323	 11 12 22:12:12  2015
1.2258313	-0.9576807	2.1452048	 11 12 22:12:12  2015
4.213795	-0.90021986	4.271256	 11 12 22:12:12  2015
3.2944214	3.371036	1.9919758	 11 12 22:12:12  2015
2.681506	6.6079965	0.4405331	 11 12 22:12:12  2015
1.1875241	4.4436383	0.19153613	 11 12 22:12:12  2015
-0.59376204	1.6663644	0.49799395	 11 12 22:12:12  2015
-0.32561144	1.934515	0.6895301	 11 12 22:12:12  2015
-0.22984336	6.301539	-1.4173675	 11 12 22:12:12  2015
-3.8498764	16.912642	-4.7500963	 11 12 22:12:12  2015
-1.4939818	32.350452	-4.462792	 11 12 22:12:12  2015
-4.271256	35.41503	-3.1603463	 11 12 22:12:12  2015
-13.081918	26.202143	4.501099	 11 12 22:12:12  2015
-13.292608	18.86631	5.631162	 11 12 22:12:12  2015
-10.534488	13.464991	6.742072	 11 12 22:12:12  2015
-1.0726024	9.3661175	12.334928	 11 12 22:12:12  2015
-0.842759	0.6703765	1.283292	 11 12 22:12:12  2015
-2.336741	-0.9768343	2.566584	 11 12 22:12:12  2015
-3.5051112	-2.2601264	0.93852705	 11 12 22:12:12  2015
-3.5434184	-3.4476504	-2.2984335	 11 12 22:12:12  2015
-1.6663644	-4.0414124	-5.133168	 11 12 22:12:12  2015
-0.5554548	-3.1411927	-4.55856	 11 12 22:12:12  2015
0.51714754	-2.3558946	-2.4516625	 11 12 22:12:12  2015
1.532289	0.21068975	-0.4213795	 11 12 22:12:12  2015
-0.32561144	6.895301	3.8498764	 11 12 22:12:12  2015
-5.5162406	13.350069	4.596867	 11 12 22:12:12  2015
-7.967903	16.567875	6.090849	 11 12 22:12:12  2015
-6.8186865	4.462792	6.2823853	 11 12 22:12:12  2015
-34.514812	14.5759	-23.21418	 11 12 22:12:12  2015
-13.369223	32.676064	5.5162406	 11 12 22:12:12  2015
7.5848308	2.7964275	12.832921	 11 12 22:12:12  2015
7.5082164	-9.519346	-11.951855	 11 12 22:12:12  2015
3.7732618	-3.6774938	-11.204864	 11 12 22:12:12  2015
-1.4173675	15.591042	-6.0142345	 11 12 22:12:12  2015
-10.362105	39.207447	1.1875241	 11 12 22:12:12  2015
0.78529817	19.651608	13.560759	 11 12 22:12:12  2015
-10.70687	8.925584	10.496181	 11 12 22:12:12  2015
-18.349161	7.8529816	8.389283	 11 12 22:12:12  2015
-12.411542	3.86903	7.795521	 11 12 22:12:12  2015
3.2752678	0.2873042	4.5202527	 11 12 22:12:12  2015
3.083732	0.80445176	4.4244847	 11 12 22:12:12  2015
1.9919758	2.432509	-0.038307227	 11 12 22:12:12  2015
2.930503	3.1028855	0.17238252	 11 12 22:12:12  2015
1.685518	2.030283	-1.0534488	 11 12 22:12:12  2015
0.842759	1.2258313	-0.59376204	 11 12 22:12:12  2015
1.436521	2.528277	1.340753	 11 12 22:12:12  2015
0.7278373	4.76925	2.3558946	 11 12 22:12:12  2015
-2.7581203	10.553641	-2.1260512	 11 12 22:12:13  2015
-5.171476	28.787882	-7.8912888	 11 12 22:12:13  2015
-4.175488	39.207447	-8.619126	 11 12 22:12:13  2015
-19.28769	24.49747	6.7229185	 11 12 22:12:13  2015
-18.847157	24.018631	11.3964	 11 12 22:12:13  2015
-13.905523	21.586123	9.002198	 11 12 22:12:13  2015
-4.5202527	16.49126	4.060566	 11 12 22:12:13  2015
1.9919758	1.0342951	0.93852705	 11 12 22:12:13  2015
-2.4516625	-6.1866174	1.1875241	 11 12 22:12:13  2015
-4.5777135	-4.1180267	0.038307227	 11 12 22:12:13  2015
-5.094861	-6.167464	-3.3327289	 11 12 22:12:13  2015
0.19153613	-6.8761473	-3.8881836	 11 12 22:12:13  2015
0.91937345	-4.6351743	-4.309563	 11 12 22:12:13  2015
1.8770541	-2.6048915	-2.6623523	 11 12 22:12:13  2015
2.3942018	0.11492168	-0.63206923	 11 12 22:12:13  2015
-1.7429788	8.887277	5.5162406	 11 12 22:12:13  2015
-5.094861	13.9438305	6.6079965	 11 12 22:12:13  2015
-4.7884035	13.330915	5.7269306	 11 12 22:12:13  2015
-2.681506	8.714894	2.9496565	 11 12 22:12:13  2015
-29.707254	12.871228	-20.915747	 11 12 22:12:13  2015
-20.819979	35.08942	1.2066777	 11 12 22:12:13  2015
5.305551	4.5777135	10.898406	 11 12 22:12:13  2015
4.6351743	-6.933608	8.714894	 11 12 22:12:13  2015
1.5897499	-6.3589997	-10.611102	 11 12 22:12:13  2015
-0.90021986	13.024457	-6.5696893	 11 12 22:12:13  2015
-7.8529816	39.207447	2.9879637	 11 12 22:12:13  2015
5.9184666	22.620419	7.967903	 11 12 22:12:13  2015
-7.3549876	11.281479	11.33894	 11 12 22:12:13  2015
-17.621325	12.564771	5.0182467	 11 12 22:12:13  2015
-15.246277	6.6654577	8.389283	 11 12 22:12:13  2015
1.8962077	1.1683705	0.7086837	 11 12 22:12:13  2015
3.5817258	-0.24899697	6.5122285	 11 12 22:12:13  2015
2.96881	2.834735	4.4436383	 11 12 22:12:13  2015
2.9879637	3.8307228	1.340753	 11 12 22:12:13  2015
2.0685902	3.4093432	0.49799395	 11 12 22:12:13  2015
0.8810662	1.6663644	-1.8195933	 11 12 22:12:13  2015
0.82360536	1.8387469	-1.7429788	 11 12 22:12:13  2015
0.40222588	3.86903	-0.17238252	 11 12 22:12:13  2015
-2.27928	12.028469	-0.63206923	 11 12 22:12:13  2015
-2.2218192	31.852459	-1.0151415	 11 12 22:12:13  2015
-1.7238252	39.207447	-6.799533	 11 12 22:12:13  2015
-10.821792	30.032866	0.91937345	 11 12 22:12:13  2015
-20.51352	21.41374	11.051635	 11 12 22:12:13  2015
-15.840038	17.889475	10.151415	 11 12 22:12:13  2015
-7.1634517	11.33894	5.1906295	 11 12 22:12:13  2015
-1.4556746	-0.19153613	7.5465236	 11 12 22:12:13  2015
0.4405331	-3.964798	3.9839516	 11 12 22:12:13  2015
-0.61291564	-2.8538885	0.9576807	 11 12 22:12:13  2015
-0.17238252	-3.8307228	-4.098873	 11 12 22:12:13  2015
0.9959879	-4.4244847	-4.9224787	 11 12 22:12:13  2015
-0.6703765	-1.8579005	-2.930503	 11 12 22:12:14  2015
-0.15322891	-0.61291564	-1.8004397	 11 12 22:12:14  2015
0.24899697	1.1109096	-0.2873042	 11 12 22:12:14  2015
-2.5474305	8.236053	4.5202527	 11 12 22:12:14  2015
-7.489063	15.112201	5.1140146	 11 12 22:12:14  2015
-6.1866174	15.093047	5.7843914	 11 12 22:12:14  2015
-0.9768343	8.523358	7.8912888	 11 12 22:12:14  2015
-20.51352	-4.232949	-26.54691	 11 12 22:12:14  2015
-31.37362	35.56826	8.580819	 11 12 22:12:14  2015
0.5746084	22.064962	9.595961	 11 12 22:12:14  2015
4.673482	-3.8307228	5.650316	 11 12 22:12:14  2015
2.0685902	-7.73806	-2.566584	 11 12 22:12:14  2015
1.4939818	2.7581203	-3.2944214	 11 12 22:12:14  2015
-2.2218192	32.350452	-1.1492168	 11 12 22:12:14  2015
-3.083732	39.207447	-16.261417	 11 12 22:12:14  2015
-5.746084	8.293514	11.3964	 11 12 22:12:14  2015
-15.840038	6.7803793	5.0182467	 11 12 22:12:14  2015
-18.521544	4.367024	10.247183	 11 12 22:12:14  2015
-6.3589997	0.19153613	6.301539	 11 12 22:12:14  2015
2.7389667	0.15322891	2.9113493	 11 12 22:12:14  2015
3.3518825	2.528277	4.2521024	 11 12 22:12:14  2015
3.4284968	3.4859576	1.4556746	 11 12 22:12:14  2015
1.6663644	2.873042	-0.49799395	 11 12 22:12:14  2015
-0.5746084	0.8810662	-0.21068975	 11 12 22:12:14  2015
-0.15322891	2.3942018	0.80445176	 11 12 22:12:14  2015
0.32561144	4.1180267	1.340753	 11 12 22:12:14  2015
-1.1875241	9.787497	-2.566584	 11 12 22:12:14  2015
-3.86903	24.133553	-4.1180267	 11 12 22:12:14  2015
-1.0342951	39.207447	-5.4779334	 11 12 22:12:14  2015
-6.090849	33.499672	-3.3327289	 11 12 22:12:14  2015
-16.184803	21.4712	6.991069	 11 12 22:12:14  2015
-18.674774	18.789696	7.73806	 11 12 22:12:14  2015
-12.315774	14.5567465	8.2169	 11 12 22:12:14  2015
-0.22984336	7.144298	12.181698	 11 12 22:12:14  2015
0.038307227	-2.777274	1.5705963	 11 12 22:12:14  2015
-1.7429788	-0.7278373	2.6623523	 11 12 22:12:14  2015
-1.340753	0.4405331	-2.6431987	 11 12 22:12:14  2015
0.47884035	-2.1068976	-4.7309427	 11 12 22:12:14  2015
-1.8962077	-5.401319	-2.6431987	 11 12 22:12:14  2015
-1.7238252	-3.466804	-1.6472107	 11 12 22:12:14  2015
0.019153614	-1.3790601	-0.4405331	 11 12 22:12:14  2015
1.9536686	1.2258313	0.9959879	 11 12 22:12:14  2015
-4.0414124	9.270349	5.401319	 11 12 22:12:14  2015
-9.481039	16.49126	6.531382	 11 12 22:12:14  2015
-6.033388	14.001291	6.7803793	 11 12 22:12:14  2015
-1.1300632	0.38307226	-0.15322891	 11 12 22:12:14  2015
-25.780764	27.159824	4.999093	 11 12 22:12:14  2015
-2.336741	21.20305	4.807557	 11 12 22:12:14  2015
-0.2873042	0.47884035	11.281479	 11 12 22:12:14  2015
-0.7278373	-4.156334	-0.38307226	 11 12 22:12:14  2015
-0.30645782	5.4204726	-5.841852	 11 12 22:12:15  2015
0.15322891	33.308132	1.8004397	 11 12 22:12:15  2015
1.5897499	39.207447	-13.599066	 11 12 22:12:15  2015
-4.6351743	6.1866174	12.756307	 11 12 22:12:15  2015
-16.395493	6.895301	7.2783732	 11 12 22:12:15  2015
-18.86631	6.7803793	9.270349	 11 12 22:12:15  2015
-5.66947	2.719813	2.2026656	 11 12 22:12:15  2015
2.8538885	-1.1492168	4.0222588	 11 12 22:12:15  2015
2.087744	0.7661445	2.8538885	 11 12 22:12:15  2015
1.0151415	1.8195933	-0.038307227	 11 12 22:12:15  2015
0.45968673	2.9879637	-1.7429788	 11 12 22:12:15  2015
0.40222588	2.6623523	1.7621324	 11 12 22:12:15  2015
2.7389667	3.4093432	0.6512229	 11 12 22:12:15  2015
3.8307228	4.6160207	0.6512229	 11 12 22:12:15  2015
1.7238252	7.795521	-1.4173675	 11 12 22:12:15  2015
0.2873042	38.728607	-13.101071	 11 12 22:12:15  2015
-6.493075	36.698322	-7.565677	 11 12 22:12:15  2015
-20.647596	26.700138	1.3215994	 11 12 22:12:15  2015
-21.35628	21.911734	2.0111294	 11 12 22:12:15  2015
-15.47612	17.621325	4.3861775	 11 12 22:12:15  2015
-7.144298	13.005303	0.8810662	 11 12 22:12:15  2015
0.91937345	8.159439	4.7309427	 11 12 22:12:15  2015
5.439626	3.9073372	1.6089035	 11 12 22:12:15  2015
-1.6472107	-0.30645782	-2.566584	 11 12 22:12:15  2015
-1.4939818	-4.8267107	-2.6048915	 11 12 22:12:15  2015
-0.8619126	-9.3661175	-3.715801	 11 12 22:12:15  2015
-0.7086837	-14.231135	-5.305551	 11 12 22:12:15  2015
-2.0111294	-11.434708	-4.1946416	 11 12 22:12:15  2015
-1.1109096	-6.205771	-2.2984335	 11 12 22:12:15  2015
0.1340753	0.59376204	1.5131354	 11 12 22:12:15  2015
-1.7812861	19.55584	12.6222315	 11 12 22:12:15  2015
-2.4516625	19.096153	16.242264	 11 12 22:12:15  2015
-0.019153614	11.166556	10.400413	 11 12 22:12:15  2015
-13.350069	7.699753	-19.077	 11 12 22:12:15  2015
-6.7612257	32.752678	5.3821654	 11 12 22:12:15  2015
7.795521	-10.668563	2.4708161	 11 12 22:12:15  2015
4.9799395	-18.80885	-2.4708161	 11 12 22:12:15  2015
0.6895301	-12.50731	-0.019153614	 11 12 22:12:15  2015
-7.2592196	14.84405	1.685518	 11 12 22:12:15  2015
-22.409727	39.207447	-5.267244	 11 12 22:12:15  2015
-6.0716953	37.866695	-8.025364	 11 12 22:12:15  2015
3.6008794	17.123331	14.537593	 11 12 22:12:15  2015
-8.197746	4.213795	4.596867	 11 12 22:12:15  2015
-5.6120086	1.7238252	1.0534488	 11 12 22:12:15  2015
-1.8387469	1.8770541	0.22984336	 11 12 22:12:15  2015
2.7581203	1.5514427	1.6663644	 11 12 22:12:15  2015
3.3327289	-0.11492168	0.6703765	 11 12 22:12:15  2015
1.6472107	-1.2066777	-0.019153614	 11 12 22:12:15  2015
-0.8619126	0.90021986	-0.61291564	 11 12 22:12:15  2015
-3.5625722	3.2561142	-0.32561144	 11 12 22:12:15  2015
-2.585738	3.3135753	0.24899697	 11 12 22:12:16  2015
-1.0534488	2.930503	0.7278373	 11 12 22:12:16  2015
0.5746084	2.6431987	-0.15322891	 11 12 22:12:16  2015
0.38307226	10.208876	-3.5051112	 11 12 22:12:16  2015
1.3599066	24.191013	3.217807	 11 12 22:12:16  2015
-7.086837	39.207447	7.3166804	 11 12 22:12:16  2015
-18.02355	31.469387	7.872135	 11 12 22:12:16  2015
-15.763424	12.258312	14.30775	 11 12 22:12:16  2015
-7.73806	9.768343	7.8912888	 11 12 22:12:16  2015
-0.91937345	10.342952	5.497087	 11 12 22:12:16  2015
4.5394063	9.097966	6.339846	 11 12 22:12:16  2015
0.4405331	7.489063	0.34476504	 11 12 22:12:16  2015
-3.715801	6.8761473	1.7238252	 11 12 22:12:16  2015
-5.9184666	4.9799395	3.8498764	 11 12 22:12:16  2015
-7.335834	2.2409728	5.056554	 11 12 22:12:16  2015
-5.5162406	-2.815581	4.7309427	 11 12 22:12:16  2015
-4.175488	-0.22984336	1.6280571	 11 12 22:12:16  2015
-1.1109096	2.4133554	-2.087744	 11 12 22:12:16  2015
1.0151415	3.8881836	-2.777274	 11 12 22:12:16  2015
2.2984335	3.7732618	0.63206923	 11 12 22:12:16  2015
2.030283	3.0071173	0.63206923	 11 12 22:12:16  2015
1.6280571	0.842759	0.45968673	 11 12 22:12:16  2015
1.340753	-0.6895301	0.45968673	 11 12 22:12:16  2015
1.8004397	-1.8770541	-0.7086837	 11 12 22:12:16  2015
-0.05746084	-3.064578	-2.777274	 11 12 22:12:16  2015
-12.679692	6.14831	-0.8810662	 11 12 22:12:16  2015
-3.064578	24.650702	2.7389667	 11 12 22:12:16  2015
8.7532015	-5.6886234	-1.091756	 11 12 22:12:16  2015
3.1411927	-5.45878	-1.8579005	 11 12 22:12:16  2015
5.5162406	-4.213795	-7.2783732	 11 12 22:12:16  2015
-8.599973	21.701044	2.6240451	 11 12 22:12:16  2015
-14.365211	34.150894	0.9576807	 11 12 22:12:16  2015
-5.995081	23.367409	-2.336741	 11 12 22:12:16  2015
-2.5474305	13.88637	3.8881836	 11 12 22:12:16  2015
-8.580819	13.215993	4.9224787	 11 12 22:12:16  2015
-8.791509	12.871228	5.535394	 11 12 22:12:16  2015
-5.7269306	8.791509	7.029376	 11 12 22:12:16  2015
-1.2066777	8.101978	4.711789	 11 12 22:12:16  2015
3.083732	6.033388	1.8579005	 11 12 22:12:16  2015
2.8538885	3.1028855	0.7661445	 11 12 22:12:16  2015
2.0111294	0.7661445	-0.2873042	 11 12 22:12:16  2015
0.5746084	-0.076614454	-1.685518	 11 12 22:12:16  2015
1.532289	0.51714754	0.24899697	 11 12 22:12:16  2015
1.2258313	0.8810662	3.064578	 11 12 22:12:16  2015
-0.30645782	1.8195933	3.8498764	 11 12 22:12:16  2015
-1.934515	2.2409728	2.6623523	 11 12 22:12:16  2015
-4.4819455	8.42759	-2.0685902	 11 12 22:12:16  2015
-5.746084	17.238253	-5.66947	 11 12 22:12:16  2015
-6.4739213	27.332207	-4.903325	 11 12 22:12:16  2015
-10.91756	15.399506	10.381259	 11 12 22:12:16  2015
-11.683704	12.603078	5.93762	 11 12 22:12:17  2015
-13.120225	13.771448	1.5705963	 11 12 22:12:17  2015
-11.166556	14.077906	1.091756	 11 12 22:12:17  2015
-5.7269306	16.16565	6.090849	 11 12 22:12:17  2015
-4.501099	13.426683	5.7269306	 11 12 22:12:17  2015
-4.9416323	11.051635	2.6431987	 11 12 22:12:17  2015
-5.1906295	9.902418	-0.076614454	 11 12 22:12:17  2015
-2.27928	2.873042	1.091756	 11 12 22:12:17  2015
-2.087744	-0.32561144	3.620033	 11 12 22:12:17  2015
-1.9536686	-1.4556746	5.094861	 11 12 22:12:17  2015
-0.7278373	-1.9536686	4.9224787	 11 12 22:12:17  2015
2.2984335	0.91937345	3.5625722	 11 12 22:12:17  2015
2.9496565	2.6240451	2.2218192	 11 12 22:12:17  2015
2.336741	3.466804	1.3215994	 11 12 22:12:17  2015
0.5363012	3.1411927	0.2873042	 11 12 22:12:17  2015
-0.7278373	-1.3599066	0.24899697	 11 12 22:12:17  2015
-1.1492168	-2.873042	0.6703765	 11 12 22:12:17  2015
-4.5777135	-1.8004397	0.61291564	 11 12 22:12:17  2015
-20.494366	15.591042	2.1068976	 11 12 22:12:17  2015
17.946936	6.588843	-15.399506	 11 12 22:12:17  2015
-2.0494366	8.983045	7.067683	 11 12 22:12:17  2015
-2.5474305	8.063671	2.5091233	 11 12 22:12:17  2015
-8.00621	14.671668	-6.703765	 11 12 22:12:17  2015
-3.8881836	16.299725	7.201759	 11 12 22:12:17  2015
-6.7612257	19.479225	-2.4133554	 11 12 22:12:17  2015
-5.267244	13.522451	-3.9073372	 11 12 22:12:17  2015
-6.2632318	7.201759	5.746084	 11 12 22:12:17  2015
-4.5777135	6.14831	3.4284968	 11 12 22:12:17  2015
-4.4244847	6.646304	2.7389667	 11 12 22:12:17  2015
-4.0414124	8.714894	2.9113493	 11 12 22:12:17  2015
0.7278373	11.300632	-0.11492168	 11 12 22:12:17  2015
1.2066777	9.576807	2.681506	 11 12 22:12:17  2015
-0.21068975	6.5505357	3.3518825	 11 12 22:12:17  2015
-0.9768343	3.3518825	2.815581	 11 12 22:12:17  2015
-0.8810662	2.6048915	2.087744	 11 12 22:12:17  2015
-0.8810662	1.5705963	1.9536686	 11 12 22:12:17  2015
-0.36391866	0.6895301	1.5514427	 11 12 22:12:17  2015
-0.038307227	1.4556746	0.4405331	 11 12 22:12:17  2015
-2.183512	8.37013	-2.7389667	 11 12 22:12:17  2015
-4.0797195	13.369223	-3.2369606	 11 12 22:12:17  2015
-7.2783732	26.087221	-5.0757074	 11 12 22:12:17  2015
-9.097966	30.626629	3.5242648	 11 12 22:12:17  2015
-12.603078	11.9135475	1.9728222	 11 12 22:12:17  2015
-12.679692	10.400413	-1.283292	 11 12 22:12:17  2015
-6.7229185	7.603985	1.436521	 11 12 22:12:17  2015
-4.6926355	9.940725	2.3175871	 11 12 22:12:17  2015
-3.1603463	13.733141	3.1603463	 11 12 22:12:17  2015
-2.930503	12.028469	2.3558946	 11 12 22:12:17  2015
-2.96881	9.308656	0.17238252	 11 12 22:12:17  2015
-2.087744	4.1180267	0.15322891	 11 12 22:12:17  2015
-0.5746084	0.038307227	-0.8619126	 11 12 22:12:18  2015
-0.076614454	-2.3175871	2.2984335	 11 12 22:12:18  2015
-3.466804	-0.1340753	2.3175871	 11 12 22:12:18  2015
-4.213795	4.175488	2.4708161	 11 12 22:12:18  2015
-4.0222588	6.1866174	1.4939818	 11 12 22:12:18  2015
-4.0222588	7.086837	1.1300632	 11 12 22:12:18  2015
-2.336741	6.703765	6.4739213	 11 12 22:12:18  2015
-2.8921957	9.825804	5.803545	 11 12 22:12:18  2015
-2.7389667	7.2783732	4.711789	 11 12 22:12:18  2015
-3.1986535	7.240066	2.930503	 11 12 22:12:18  2015
-3.9456444	8.504205	0.842759	 11 12 22:12:18  2015
-9.078813	14.537593	-2.681506	 11 12 22:12:18  2015
-8.523358	15.246277	1.9536686	 11 12 22:12:18  2015
-5.861006	16.01242	6.7229185	 11 12 22:12:18  2015
-3.6391866	9.998186	1.532289	 11 12 22:12:18  2015
-4.2521024	7.7572136	1.0342951	 11 12 22:12:18  2015
-3.5434184	8.37013	1.2066777	 11 12 22:12:18  2015
-3.1986535	9.864111	0.6895301	 11 12 22:12:18  2015
-2.4708161	10.247183	-0.05746084	 11 12 22:12:18  2015
-0.36391866	8.42759	-0.17238252	 11 12 22:12:18  2015
-0.61291564	8.465898	0.8810662	 11 12 22:12:18  2015
-0.8810662	8.2169	0.82360536	 11 12 22:12:18  2015
-1.3599066	9.040505	0.80445176	 11 12 22:12:18  2015
-1.1300632	9.730036	0.2873042	 11 12 22:12:18  2015
-1.1300632	9.672575	-0.34476504	 11 12 22:12:18  2015
-1.3024458	9.251195	-0.59376204	 11 12 22:12:18  2015
-1.283292	10.821792	0.40222588	 11 12 22:12:18  2015
-0.82360536	11.032481	0.5363012	 11 12 22:12:18  2015
-0.9959879	11.109096	1.1109096	 11 12 22:12:18  2015
-0.9576807	11.836933	1.9919758	 11 12 22:12:18  2015
-1.532289	9.768343	2.566584	 11 12 22:12:18  2015
-1.4173675	9.883265	1.4939818	 11 12 22:12:18  2015
-0.9959879	10.936713	1.2066777	 11 12 22:12:18  2015
0.15322891	12.258312	0.5363012	 11 12 22:12:18  2015
1.6280571	11.971008	-0.51714754	 11 12 22:12:18  2015
1.3215994	11.070788	-0.34476504	 11 12 22:12:18  2015
0.51714754	9.11712	1.4556746	 11 12 22:12:18  2015
-0.2681506	8.312668	2.8538885	 11 12 22:12:18  2015
0.45968673	9.825804	0.9959879	 11 12 22:12:18  2015
1.2449849	10.0748005	-1.3024458	 11 12 22:12:18  2015
1.2066777	9.481039	0.7661445	 11 12 22:12:18  2015
1.5514427	9.730036	1.6663644	 11 12 22:12:18  2015
0.93852705	8.580819	-0.22984336	 11 12 22:12:18  2015
2.3175871	9.461885	-0.019153614	 11 12 22:12:18  2015
1.8770541	9.576807	1.0151415	 11 12 22:12:18  2015
2.3942018	9.825804	0.80445176	 11 12 22:12:18  2015
1.091756	9.9790325	1.4939818	 11 12 22:12:18  2015
1.1875241	9.346964	0.11492168	 11 12 22:12:18  2015
1.340753	9.883265	-0.7661445	 11 12 22:12:18  2015
1.0151415	9.595961	0.4213795	 11 12 22:12:18  2015
0.05746084	7.795521	0.6703765	 11 12 22:12:19  2015
0.17238252	6.895301	-0.19153613	 11 12 22:12:19  2015
0.45968673	7.144298	-0.36391866	 11 12 22:12:19  2015
0.34476504	7.2783732	1.6280571	 11 12 22:12:19  2015
0.11492168	5.9759274	0.6512229	 11 12 22:12:19  2015
1.0151415	7.240066	2.585738	 11 12 22:12:19  2015
0.9768343	6.7229185	-0.19153613	 11 12 22:12:19  2015
1.6089035	7.2592196	0.49799395	 11 12 22:12:19  2015
1.4556746	6.8761473	0.22984336	 11 12 22:12:19  2015
1.2641385	6.7803793	-0.6703765	 11 12 22:12:19  2015
1.1683705	6.5122285	-1.5131354	 11 12 22:12:19  2015
1.3599066	7.144298	-3.7732618	 11 12 22:12:19  2015
1.3599066	8.389283	-1.0534488	 11 12 22:12:19  2015
1.4748282	9.615114	1.7046716	 11 12 22:12:19  2015
1.2641385	10.266336	2.6240451	 11 12 22:12:19  2015
1.0151415	10.630256	1.2066777	 11 12 22:12:19  2015
0.7469909	10.745177	1.6472107	 11 12 22:12:19  2015
0.36391866	11.032481	1.6472107	 11 12 22:12:19  2015
0.095768064	10.879252	1.7046716	 11 12 22:12:19  2015
-1.283292	9.864111	4.2904096	 11 12 22:12:19  2015
-6.0142345	8.0445175	13.388376	 11 12 22:12:19  2015
-2.6431987	8.944737	-0.076614454	 11 12 22:12:19  2015
-0.7469909	8.561666	7.7189064	 11 12 22:12:19  2015
-0.038307227	7.929596	6.9719152	 11 12 22:12:19  2015
-0.19153613	5.9759274	5.5162406	 11 12 22:12:19  2015
-1.8962077	6.703765	5.056554	 11 12 22:12:19  2015
-1.5897499	1.3215994	9.768343	 11 12 22:12:19  2015
-1.436521	8.504205	15.016433	 11 12 22:12:19  2015
-1.2449849	6.1866174	5.1523223	 11 12 22:12:19  2015
-0.45968673	5.535394	4.903325	 11 12 22:12:19  2015
-1.5131354	6.4164605	8.0445175	 11 12 22:12:19  2015
-1.532289	6.493075	7.9487495	 11 12 22:12:19  2015
-1.1300632	6.8186865	7.603985	 11 12 22:12:19  2015
-0.8810662	6.493075	7.872135	 11 12 22:12:19  2015
-1.0151415	6.1100025	8.810662	 11 12 22:12:19  2015
-0.51714754	5.765238	8.944737	 11 12 22:12:19  2015
0.17238252	5.5162406	9.059659	 11 12 22:12:19  2015
0.38307226	5.171476	9.155427	 11 12 22:12:19  2015
0.15322891	4.8267107	9.251195	 11 12 22:12:19  2015
0.32561144	4.501099	9.346964	 11 12 22:12:19  2015
0.5554548	4.2521024	9.212888	 11 12 22:12:19  2015
0.6895301	4.2904096	9.174581	 11 12 22:12:19  2015
1.0726024	4.232949	7.8146744	 11 12 22:12:19  2015
1.1875241	4.673482	8.236053	 11 12 22:12:19  2015
1.3599066	4.807557	7.7572136	 11 12 22:12:19  2015
1.4748282	5.1523223	7.603985	 11 12 22:12:19  2015
0.842759	5.631162	8.159439	 11 12 22:12:19  2015
0.63206923	5.439626	8.063671	 11 12 22:12:19  2015
0.36391866	5.4204726	8.101978	 11 12 22:12:19  2015
0.36391866	5.3438582	8.561666	 11 12 22:12:19  2015
0.51714754	5.3247046	8.523358	 11 12 22:12:20  2015
0.842759	5.1523223	8.350976	 11 12 22:12:20  2015
0.9576807	5.133168	8.331821	 11 12 22:12:20  2015
0.9768343	5.0374002	8.236053	 11 12 22:12:20  2015
1.0342951	5.1523223	8.0445175	 11 12 22:12:20  2015
0.93852705	5.4204726	8.2169	 11 12 22:12:20  2015
1.0342951	5.6120086	8.082825	 11 12 22:12:20  2015
0.9768343	5.6120086	8.063671	 11 12 22:12:20  2015
0.842759	5.6120086	8.063671	 11 12 22:12:20  2015
0.6895301	5.631162	8.2169	 11 12 22:12:20  2015
0.61291564	5.631162	8.197746	 11 12 22:12:20  2015
0.61291564	5.707777	8.082825	 11 12 22:12:20  2015
0.7086837	5.2480903	6.799533	 11 12 22:12:20  2015
1.1875241	5.3247046	6.531382	 11 12 22:12:20  2015
1.4556746	5.3438582	6.5122285	 11 12 22:12:20  2015
0.38307226	5.267244	8.963891	 11 12 22:12:20  2015
0.7469909	5.094861	9.461885	 11 12 22:12:20  2015
0.63206923	5.1140146	9.002198	 11 12 22:12:20  2015
